教養	学問最前線	前期	月	1	501	岩隈　道洋、角田　篤泰、斎藤　裕紀恵、平野　晋	1	2	0	8	国際情報学部
教養	健康・スポーツ	後期	月	4	301	向山　昌利	1	2	0	8	国際情報学部
教養	文学	後期	水	4	301	森　和也	1	2	0	8	国際情報学部
教養	物質科学	後期	木	4	701	栗原　岳史	1	2	0	8	国際情報学部
教養	社会入門	後期	金	4	301	大谷　晃	1	2	0	8	国際情報学部
教養	経済入門	後期	月	5	501	矢尾板　俊平	1	2	0	8	国際情報学部
教養	心理学	前期	木	4	401	村田　雅之	1	2	0	8	国際情報学部
教養	歴史入門	前期	火	2	701	奈良　修一	1	2	0	8	国際情報学部
教養	政治入門	前期	金	2	401	正田　浩由	1	2	0	8	国際情報学部
グローバル	各国ICT事情	後期	水	5	401	石井　正彦	3	2	0	16	国際情報学部
グローバル	インターネット文化とサブカルチャー	後期	金	2	501	岡嶋　裕史	3	2	0	16	国際情報学部
グローバル	宗教とメディア	後期	金	5	701	保坂　俊司	3	2	0	16	国際情報学部
グローバル	国際関係論	前期	木	4	401	西村　篤子	3	2	0	16	国際情報学部
グローバル	ダイバシティ論	前期	土	2	オンデマンド	冨樫　耕平	3	2	0	16	国際情報学部
グローバル	異文化間コミュニケーション論	前期	金	4	501	加藤　久典	3	2	0	16	国際情報学部
グローバル	比較宗教論	前期	金	5	801	保坂　俊司	3	2	0	16	国際情報学部
グローバル	比較文明論	前期	火	1	701	奈良　修一	3	2	0	16	国際情報学部
グローバル	国際文化論	後期	木	4	401	西村　篤子	2	2	0	16	国際情報学部
グローバル	応用倫理学	後期	月	4	801	矢島　壮平	2	2	0	16	国際情報学部
グローバル	比較思想論	前期	月	4	401	矢島　壮平	2	2	0	16	国際情報学部
グローバル	宗教学	後期	金	4	701	保坂　俊司	1	2	0	16	国際情報学部
グローバル	倫理学	後期	金	3	オンデマンド	矢島　壮平	1	2	1	16	国際情報学部
グローバル	哲学	前期	金	4	オンデマンド	矢島　壮平	1	2	1	16	国際情報学部
グローバル	国際ICTインターンシップ	後期	NULL	0	海外	斎藤　裕紀恵	2	2	0	16	国際情報学部
グローバル	ICT留学	前期	NULL	0	海外	斎藤　裕紀恵	2	2	0	16	国際情報学部
グローバル	情報英語Ⅱ	後期	水	2	902	橋本　健広	2	2	1	16	国際情報学部
グローバル	情報英語Ⅱ	後期	金	2	901	土肥　妙子	2	2	1	16	国際情報学部
グローバル	情報英語Ⅱ	後期	月	4	901	丸岡　幸子	2	2	1	16	国際情報学部
グローバル	情報英語Ⅱ	後期	木	2	901	栗田　智子	2	2	1	16	国際情報学部
グローバル	情報英語Ⅱ	後期	水	1	901	マッコイ　パトリック　デニス	2	2	1	16	国際情報学部
グローバル	情報英語Ⅱ	後期	火	1	901	マックフェイル、コンラッド アール	2	2	1	16	国際情報学部
グローバル	情報英語Ⅱ	後期	木	3	901	エバンズ、デイビッド リチャード	2	2	1	16	国際情報学部
グローバル	情報英語Ⅱ	後期	水	1	801	プラザ、タロン ゲイリー	2	2	1	16	国際情報学部
グローバル	情報英語Ⅰ	前期	水	2	902	橋本　健広	2	2	1	16	国際情報学部
グローバル	情報英語Ⅰ	前期	金	2	901	土肥　妙子	2	2	1	16	国際情報学部
グローバル	情報英語Ⅰ	前期	月	3	901	丸岡　幸子	2	2	1	16	国際情報学部
グローバル	情報英語Ⅰ	前期	木	2	901	栗田　智子	2	2	1	16	国際情報学部
グローバル	情報英語Ⅰ	前期	水	2	901	マッコイ　パトリック　デニス	2	2	1	16	国際情報学部
グローバル	情報英語Ⅰ	前期	火	2	901	マックフェイル、コンラッド アール	2	2	1	16	国際情報学部
グローバル	情報英語Ⅰ	前期	水	3	901	エバンズ、デイビッド リチャード	2	2	1	16	国際情報学部
グローバル	情報英語Ⅰ	前期	水	2	801	プラザ、タロン ゲイリー	2	2	1	16	国際情報学部
グローバル	統合英語Ⅱ	後期	木	1	901	栗田　智子	1	2	1	16	国際情報学部
グローバル	統合英語Ⅱ	後期	金	1	901	土肥　妙子	1	2	1	16	国際情報学部
グローバル	統合英語Ⅱ	後期	月	3	901	丸岡　幸子	1	2	1	16	国際情報学部
グローバル	統合英語Ⅱ	後期	火	2	801	斎藤　裕紀恵	1	2	1	16	国際情報学部
グローバル	統合英語Ⅱ	後期	火	2	901	マックフェイル、コンラッド アール	1	2	1	16	国際情報学部
グローバル	統合英語Ⅱ	後期	水	2	801	プラザ、タロン ゲイリー	1	2	1	16	国際情報学部
グローバル	統合英語Ⅱ	後期	水	2	901	マッコイ　パトリック　デニス	1	2	1	16	国際情報学部
グローバル	統合英語Ⅱ	後期	水	3	901	エバンズ、デイビッド リチャード	1	2	1	16	国際情報学部
グローバル	統合英語Ⅰ	前期	木	1	901	栗田　智子	1	2	1	16	国際情報学部
グローバル	統合英語Ⅰ	前期	金	1	901	土肥　妙子	1	2	1	16	国際情報学部
グローバル	統合英語Ⅰ	前期	月	4	901	丸岡　幸子	1	2	1	16	国際情報学部
グローバル	統合英語Ⅰ	前期	火	1	801	斎藤　裕紀恵	1	2	1	16	国際情報学部
グローバル	統合英語Ⅰ	前期	火	1	901	マックフェイル、コンラッド アール	1	2	1	16	国際情報学部
グローバル	統合英語Ⅰ	前期	水	1	801	プラザ、タロン ゲイリー	1	2	1	16	国際情報学部
グローバル	統合英語Ⅰ	前期	水	1	901	マッコイ　パトリック　デニス	1	2	1	16	国際情報学部
グローバル	統合英語Ⅰ	前期	木	3	901	エバンズ、デイビッド リチャード	1	2	1	16	国際情報学部
演習科目	卒業制作	後期	NULL	0	NULL	吉田　雅裕	4	4	1	16	国際情報学部
演習科目	卒業制作	後期	NULL	0	NULL	村田　雅之	4	4	1	16	国際情報学部
演習科目	卒業制作	後期	NULL	0	NULL	松野　良一	4	4	1	16	国際情報学部
演習科目	卒業制作	後期	NULL	0	NULL	松崎　和賢	4	4	1	16	国際情報学部
演習科目	卒業制作	後期	NULL	0	NULL	小花　聖輝	4	4	1	16	国際情報学部
演習科目	卒業制作	後期	NULL	0	NULL	角田　篤泰	4	4	1	16	国際情報学部
演習科目	卒業制作	後期	NULL	0	NULL	岡嶋　裕史	4	4	1	16	国際情報学部
演習科目	卒業制作	後期	NULL	0	NULL	飯尾　淳	4	4	1	16	国際情報学部
演習科目	卒業論文	後期	NULL	0	NULL	矢島　壮平	4	4	1	16	国際情報学部
演習科目	卒業論文	後期	NULL	0	NULL	保坂　俊司	4	4	1	16	国際情報学部
演習科目	卒業論文	後期	NULL	0	NULL	平野　晋	4	4	1	16	国際情報学部
演習科目	卒業論文	後期	NULL	0	NULL	橋本　健広	4	4	1	16	国際情報学部
演習科目	卒業論文	後期	NULL	0	NULL	西村　篤子	4	4	1	16	国際情報学部
演習科目	卒業論文	後期	NULL	0	NULL	中村　真利子	4	4	1	16	国際情報学部
演習科目	卒業論文	後期	NULL	0	NULL	中島　美香	4	4	1	16	国際情報学部
演習科目	卒業論文	後期	NULL	0	NULL	須藤　修	4	4	1	16	国際情報学部
演習科目	卒業論文	後期	NULL	0	NULL	斎藤　裕紀恵	4	4	1	16	国際情報学部
演習科目	卒業論文	後期	NULL	0	NULL	小向　太郎	4	4	1	16	国際情報学部
演習科目	卒業論文	後期	NULL	0	NULL	岩隈　道洋	4	4	1	16	国際情報学部
演習科目	卒業論文	後期	NULL	0	NULL	石井　夏生利	4	4	1	16	国際情報学部
演習科目	国際情報演習Ⅴ	後期	火	3	801	吉田　雅裕	4	2	1	16	国際情報学部
演習科目	国際情報演習Ⅴ	後期	木	3	1004	矢島　壮平	4	2	1	16	国際情報学部
演習科目	国際情報演習Ⅴ	後期	木	4	802	村田　雅之	4	2	1	16	国際情報学部
演習科目	国際情報演習Ⅴ	後期	火	5	502	松野　良一	4	2	1	16	国際情報学部
演習科目	国際情報演習Ⅴ	後期	水	3	801	松崎　和賢	4	2	1	16	国際情報学部
演習科目	国際情報演習Ⅴ	後期	金	3	701	保坂　俊司	4	2	1	16	国際情報学部
演習科目	国際情報演習Ⅴ	後期	木	3	1001	平野　晋	4	2	1	16	国際情報学部
演習科目	国際情報演習Ⅴ	後期	月	3	1001	橋本　健広	4	2	1	16	国際情報学部
演習科目	国際情報演習Ⅴ	後期	火	5	901	西村　篤子	4	2	1	16	国際情報学部
演習科目	国際情報演習Ⅴ	後期	木	3	1103	中村　真利子	4	2	1	16	国際情報学部
演習科目	国際情報演習Ⅴ	後期	火	5	802	中島　美香	4	2	1	16	国際情報学部
演習科目	国際情報演習Ⅴ	後期	木	3	801	須藤　修	4	2	1	16	国際情報学部
演習科目	国際情報演習Ⅴ	後期	火	3	901	斎藤　裕紀恵	4	2	1	16	国際情報学部
演習科目	国際情報演習Ⅴ	後期	木	3	1101	小向　太郎	4	2	1	16	国際情報学部
演習科目	国際情報演習Ⅴ	後期	月	4	702	小花　聖輝	4	2	1	16	国際情報学部
演習科目	国際情報演習Ⅴ	後期	木	3	1104	角田　篤泰	4	2	1	16	国際情報学部
演習科目	国際情報演習Ⅴ	後期	金	3	502	岡嶋　裕史	4	2	1	16	国際情報学部
演習科目	国際情報演習Ⅴ	後期	木	3	1102	岩隈　道洋	4	2	1	16	国際情報学部
演習科目	国際情報演習Ⅴ	後期	火	4	901	石井　夏生利	4	2	1	16	国際情報学部
演習科目	国際情報演習Ⅴ	後期	月	5	701	飯尾　淳	4	2	1	16	国際情報学部
演習科目	国際情報演習Ⅳ	前期	月	4	801	吉田　雅裕	4	2	1	16	国際情報学部
演習科目	国際情報演習Ⅳ	前期	木	3	801	矢島　壮平	4	2	1	16	国際情報学部
演習科目	国際情報演習Ⅳ	前期	金	4	901	村田　雅之	4	2	1	16	国際情報学部
演習科目	国際情報演習Ⅳ	前期	火	5	501	松野　良一	4	2	1	16	国際情報学部
演習科目	国際情報演習Ⅳ	前期	水	3	802	松崎　和賢	4	2	1	16	国際情報学部
演習科目	国際情報演習Ⅳ	前期	金	4	801	保坂　俊司	4	2	1	16	国際情報学部
演習科目	国際情報演習Ⅳ	前期	木	3	1001	平野　晋	4	2	1	16	国際情報学部
演習科目	国際情報演習Ⅳ	前期	月	3	1001	橋本　健広	4	2	1	16	国際情報学部
演習科目	国際情報演習Ⅳ	前期	火	5	901	西村　篤子	4	2	1	16	国際情報学部
演習科目	国際情報演習Ⅳ	前期	木	3	1103	中村　真利子	4	2	1	16	国際情報学部
演習科目	国際情報演習Ⅳ	前期	金	5	901	中島　美香	4	2	1	16	国際情報学部
演習科目	国際情報演習Ⅳ	前期	火	4	701	須藤　修	4	2	1	16	国際情報学部
演習科目	国際情報演習Ⅳ	前期	火	3	901	斎藤　裕紀恵	4	2	1	16	国際情報学部
演習科目	国際情報演習Ⅳ	前期	木	3	1101	小向　太郎	4	2	1	16	国際情報学部
演習科目	国際情報演習Ⅳ	前期	火	5	801	小花　聖輝	4	2	1	16	国際情報学部
演習科目	国際情報演習Ⅳ	前期	月	4	802	角田　篤泰	4	2	1	16	国際情報学部
演習科目	国際情報演習Ⅳ	前期	金	3	502	岡嶋　裕史	4	2	1	16	国際情報学部
演習科目	国際情報演習Ⅳ	前期	木	3	1102	岩隈　道洋	4	2	1	16	国際情報学部
演習科目	国際情報演習Ⅳ	前期	木	3	1002	石井　夏生利	4	2	1	16	国際情報学部
演習科目	国際情報演習Ⅳ	前期	月	4	701	飯尾　淳	4	2	1	16	国際情報学部
演習科目	国際情報演習Ⅲ	後期	火	4	801	吉田　雅裕	3	2	1	16	国際情報学部
演習科目	国際情報演習Ⅲ	後期	木	4	1004	矢島　壮平	3	2	1	16	国際情報学部
演習科目	国際情報演習Ⅲ	後期	木	3	802	村田　雅之	3	2	1	16	国際情報学部
演習科目	国際情報演習Ⅲ	後期	木	3	502	松野　良一	3	2	1	16	国際情報学部
演習科目	国際情報演習Ⅲ	後期	金	4	902	松崎　和賢	3	2	1	16	国際情報学部
演習科目	国際情報演習Ⅲ	後期	火	4	1101	保坂　俊司	3	2	1	16	国際情報学部
演習科目	国際情報演習Ⅲ	後期	木	4	1001	平野　晋	3	2	1	16	国際情報学部
演習科目	国際情報演習Ⅲ	後期	月	4	1001	橋本　健広	3	2	1	16	国際情報学部
演習科目	国際情報演習Ⅲ	後期	木	4	1103	中村　真利子	3	2	1	16	国際情報学部
演習科目	国際情報演習Ⅲ	後期	木	4	1003	中島　美香	3	2	1	16	国際情報学部
演習科目	国際情報演習Ⅲ	後期	火	3	701	須藤　修	3	2	1	16	国際情報学部
演習科目	国際情報演習Ⅲ	後期	木	4	902	斎藤　裕紀恵	3	2	1	16	国際情報学部
演習科目	国際情報演習Ⅲ	後期	木	4	1101	小向　太郎	3	2	1	16	国際情報学部
演習科目	国際情報演習Ⅲ	後期	火	4	902	小花　聖輝	3	2	1	16	国際情報学部
演習科目	国際情報演習Ⅲ	後期	木	5	1104	角田　篤泰	3	2	1	16	国際情報学部
演習科目	国際情報演習Ⅲ	後期	月	4	502	岡嶋　裕史	3	2	1	16	国際情報学部
演習科目	国際情報演習Ⅲ	後期	木	4	1102	岩隈　道洋	3	2	1	16	国際情報学部
演習科目	国際情報演習Ⅲ	後期	木	4	1002	石井　夏生利	3	2	1	16	国際情報学部
演習科目	国際情報演習Ⅲ	後期	月	4	701	飯尾　淳	3	2	1	16	国際情報学部
演習科目	国際情報演習Ⅱ	前期	月	3	801	吉田　雅裕	3	2	1	16	国際情報学部
演習科目	国際情報演習Ⅱ	前期	木	4	801	矢島　壮平	3	2	1	16	国際情報学部
演習科目	国際情報演習Ⅱ	前期	金	3	901	村田　雅之	3	2	1	16	国際情報学部
演習科目	国際情報演習Ⅱ	前期	木	3	502	松野　良一	3	2	1	16	国際情報学部
演習科目	国際情報演習Ⅱ	前期	金	4	701	松崎　和賢	3	2	1	16	国際情報学部
演習科目	国際情報演習Ⅱ	前期	火	4	902	保坂　俊司	3	2	1	16	国際情報学部
演習科目	国際情報演習Ⅱ	前期	木	4	1001	平野　晋	3	2	1	16	国際情報学部
演習科目	国際情報演習Ⅱ	前期	月	4	1001	橋本　健広	3	2	1	16	国際情報学部
演習科目	国際情報演習Ⅱ	前期	木	4	1103	中村　真利子	3	2	1	16	国際情報学部
演習科目	国際情報演習Ⅱ	前期	木	4	1003	中島　美香	3	2	1	16	国際情報学部
演習科目	国際情報演習Ⅱ	前期	火	3	701	須藤　修	3	2	1	16	国際情報学部
演習科目	国際情報演習Ⅱ	前期	木	4	902	斎藤　裕紀恵	3	2	1	16	国際情報学部
演習科目	国際情報演習Ⅱ	前期	木	4	1101	小向　太郎	3	2	1	16	国際情報学部
演習科目	国際情報演習Ⅱ	前期	火	4	801	小花　聖輝	3	2	1	16	国際情報学部
演習科目	国際情報演習Ⅱ	前期	月	3	802	角田　篤泰	3	2	1	16	国際情報学部
演習科目	国際情報演習Ⅱ	前期	月	4	502	岡嶋　裕史	3	2	1	16	国際情報学部
演習科目	国際情報演習Ⅱ	前期	木	4	1102	岩隈　道洋	3	2	1	16	国際情報学部
演習科目	国際情報演習Ⅱ	前期	木	4	1002	石井　夏生利	3	2	1	16	国際情報学部
演習科目	国際情報演習Ⅱ	前期	月	3	701	飯尾　淳	3	2	1	16	国際情報学部
演習科目	国際情報演習Ⅰ	後期	火	5	801	吉田　雅裕	2	2	1	16	国際情報学部
演習科目	国際情報演習Ⅰ	後期	木	5	1004	矢島　壮平	2	2	1	16	国際情報学部
演習科目	国際情報演習Ⅰ	後期	金	5	401	村田　雅之	2	2	1	16	国際情報学部
演習科目	国際情報演習Ⅰ	後期	木	5	502WS等	松野　良一	2	2	1	16	国際情報学部
演習科目	国際情報演習Ⅰ	後期	月	5	901	松崎　和賢	2	2	1	16	国際情報学部
演習科目	国際情報演習Ⅰ	後期	火	5	1101	保坂　俊司	2	2	1	16	国際情報学部
演習科目	国際情報演習Ⅰ	後期	木	5	1001	平野　晋	2	2	1	16	国際情報学部
演習科目	国際情報演習Ⅰ	後期	月	5	1001	橋本　健広	2	2	1	16	国際情報学部
演習科目	国際情報演習Ⅰ	後期	木	5	1103	中村　真利子	2	2	1	16	国際情報学部
演習科目	国際情報演習Ⅰ	後期	木	5	1003	中島　美香	2	2	1	16	国際情報学部
演習科目	国際情報演習Ⅰ	後期	木	5	801	須藤　修	2	2	1	16	国際情報学部
演習科目	国際情報演習Ⅰ	後期	木	5	902	斎藤　裕紀恵	2	2	1	16	国際情報学部
演習科目	国際情報演習Ⅰ	後期	木	5	1101	小向　太郎	2	2	1	16	国際情報学部
演習科目	国際情報演習Ⅰ	後期	月	5	702	小花　聖輝	2	2	1	16	国際情報学部
演習科目	国際情報演習Ⅰ	後期	月	5	802	角田　篤泰	2	2	1	16	国際情報学部
演習科目	国際情報演習Ⅰ	後期	月	5	502	岡嶋　裕史	2	2	1	16	国際情報学部
演習科目	国際情報演習Ⅰ	後期	木	5	1102	岩隈　道洋	2	2	1	16	国際情報学部
演習科目	国際情報演習Ⅰ	後期	木	5	1002	石井　夏生利	2	2	1	16	国際情報学部
演習科目	国際情報演習Ⅰ	後期	月	2	701	飯尾　淳	2	2	1	16	国際情報学部
演習科目	基礎演習	前期	月	5	801	吉田　雅裕	1	2	1	16	国際情報学部
演習科目	基礎演習	前期	月	5	902	矢島　壮平	1	2	1	16	国際情報学部
演習科目	基礎演習	前期	木	5	801	村田　雅之	1	2	1	16	国際情報学部
演習科目	基礎演習	前期	木	5	701	松野　良一	1	2	1	16	国際情報学部
演習科目	基礎演習	前期	月	5	802	松崎　和賢	1	2	1	16	国際情報学部
演習科目	基礎演習	前期	火	5	902	保坂　俊司	1	2	1	16	国際情報学部
演習科目	基礎演習	前期	木	5	1001	平野　晋	1	2	1	16	国際情報学部
演習科目	基礎演習	前期	月	5	1001	橋本　健広	1	2	1	16	国際情報学部
演習科目	基礎演習	前期	木	5	901	西村　篤子	1	2	1	16	国際情報学部
演習科目	基礎演習	前期	木	5	1103	中村　真利子	1	2	1	16	国際情報学部
演習科目	基礎演習	前期	木	5	1003	中島　美香	1	2	1	16	国際情報学部
演習科目	基礎演習	前期	木	5	902	斎藤　裕紀恵	1	2	1	16	国際情報学部
演習科目	基礎演習	前期	木	5	1101	小向　太郎	1	2	1	16	国際情報学部
演習科目	基礎演習	前期	月	5	702	小花　聖輝	1	2	1	16	国際情報学部
演習科目	基礎演習	前期	月	5	1003	大手　英明	1	2	1	16	国際情報学部
演習科目	基礎演習	前期	火	5	802	角田　篤泰	1	2	1	16	国際情報学部
演習科目	基礎演習	前期	月	5	502	岡嶋　裕史	1	2	1	16	国際情報学部
演習科目	基礎演習	前期	木	5	1102	岩隈　道洋	1	2	1	16	国際情報学部
演習科目	基礎演習	前期	木	5	1002	石井　夏生利	1	2	1	16	国際情報学部
演習科目	基礎演習	前期	月	5	701	飯尾　淳	1	2	1	16	国際情報学部
関連科目	特殊講義B5（ブロックチェーンとWeb3）	後期	木	4	801	須藤　修	3	2	0	8	国際情報学部
関連科目	情報と言語	後期	火	4	701	橋本　健広	3	2	0	8	国際情報学部
関連科目	ネットビジネスとマネタイズ	後期	土	2	301	末武　大介	3	2	0	8	国際情報学部
関連科目	パブリックコミュニケーション	後期	木	5	701	小川　史晃	3	2	0	8	国際情報学部
関連科目	広告論	後期	月	5	401	小川　史晃	3	2	0	8	国際情報学部
関連科目	特殊講義B3（パブリックスピーキングと自己表現）	前期	水	2	301	石山　智恵	3	2	0	8	国際情報学部
関連科目	特殊講義B2（デジタルパブリッシング）	前期	金	2	801	栗野　俊太郎	3	2	0	8	国際情報学部
関連科目	特殊講義B1（クラウドコンピューティング）	前期	火	5	701	須藤　修	3	2	0	8	国際情報学部
関連科目	ICTケーススタディ（パケットキャプチャ）	夏季集中	NULL	0	NULL	竹下　恵	3	2	0	8	国際情報学部
関連科目	情報教育論	前期	木	5	401	山脇　智志	3	2	0	8	国際情報学部
関連科目	情報と国際政治	前期	火	2	801	竹内　雅俊	3	2	0	8	国際情報学部
関連科目	情報と外交	前期	木	2	701	西村　篤子	3	2	0	8	国際情報学部
関連科目	金融情報システム論	前期	木	5	501	新野　隆	3	2	0	8	国際情報学部
関連科目	情報サービスとゲーミフィケーション	前期	月	2	801	田中　翔太	3	2	0	8	国際情報学部
関連科目	デジタルメディアとコンテンツ	前期	月	1	301	近藤　亮	3	2	0	8	国際情報学部
関連科目	特殊講義A3（eスポーツ）	後期	水	5	301	筧　誠一郎	2	2	0	8	国際情報学部
関連科目	特殊講義A1（ドキュメンタリー論）	前期	木	4	501	松野　良一	2	2	0	8	国際情報学部
関連科目	特殊講義A2（ジャーナリズム論）	後期	木	4	501	松野　良一	2	2	0	8	国際情報学部
関連科目	情報心理学	後期	金	4	401	村田　雅之	2	2	0	8	国際情報学部
関連科目	Technical Writing	後期	水	5	501	山田　徹	2	2	0	8	国際情報学部
関連科目	比較メディア論	前期	金	5	401	村田　雅之	2	2	0	8	国際情報学部
関連科目	English for Current Topics	前期	月	4	902	原崎　秀信	2	2	0	8	国際情報学部
関連科目	Practical English for Informatics	前期	木	4	701	橋本　健広	2	2	0	8	国際情報学部
関連科目	ICTケーススタディ（セキュリティインシデント）	後期	金	2	701	松崎　和賢	3	2	0	8	国際情報学部
関連科目	ITILとサービスマネジメント	後期	土	2	401	佐藤　亘	3	2	0	8	国際情報学部
関連科目	デジタルブランディング	後期	金	5	501	森田　学	3	2	0	8	国際情報学部
関連科目	企業の情報戦略とEA	後期	火	5	1001	角田　篤泰	3	2	0	8	国際情報学部
関連科目	技術戦略論	後期	月	2	501	吉岡　徹	3	2	0	8	国際情報学部
関連科目	プロジェクトマネジメント	後期	水	2	401	飯尾　淳	3	2	0	8	国際情報学部
関連科目	システム監査論	前期	金	3	501	松崎　和賢	3	2	0	8	国際情報学部
関連科目	情報戦略論	前期	月	4	301	山口　真一	3	2	0	8	国際情報学部
関連科目	システムコンサルティング技法	前期	月	5	501	角田　篤泰	3	2	0	8	国際情報学部
関連科目	インターフェースデザインとユーザ体験	前期	金	5	501	草野　剛	3	2	0	8	国際情報学部
情報法	情報判例研究C	後期	金	4	801	石井　夏生利	3	2	0	30	国際情報学部
情報法	法交渉学	後期	火	1	501	隅田　浩司	3	2	0	30	国際情報学部
情報法	刑事法（デジタル・フォレンジック）	後期	金	4	901	尾崎　愛美	3	2	0	30	国際情報学部
情報法	電子商取引法	後期	金	2	401	石井　美緒	3	2	0	30	国際情報学部
情報法	消費者保護法	後期	火	4	501	中島　美香	3	2	0	30	国際情報学部
情報法	著作権実務	後期	金	1	301	日向　央	3	2	0	30	国際情報学部
情報法	情報通信法	後期	金	5	301	小向　太郎	3	2	0	30	国際情報学部
情報法	外交政策論	後期	火	2	501	西村　篤子	3	2	0	30	国際情報学部
情報法	情報判例研究B	前期	金	2	701	小向　太郎	3	2	0	30	国際情報学部
情報法	国際契約の起案学	後期	火	5	401	平野　晋	3	2	0	30	国際情報学部
情報法	情報判例研究A	前期	木	2	801	中村　真利子	3	2	0	30	国際情報学部
情報法	刑事法（サイバーセキュリティと刑事法）	前期	火	2	902	堤　和通	3	2	0	30	国際情報学部
情報法	国際私法	前期	金	3	801	種村　佑介	3	2	0	30	国際情報学部
情報法	企業と情報法	前期	金	3	401	小向　太郎	3	2	0	30	国際情報学部
情報法	民事法（情報財産権法）	前期	金	2	501	小林　利明	3	2	0	30	国際情報学部
情報法	競争法（情報競争法）	前期	金	4	401	中島　美香	3	2	0	30	国際情報学部
情報法	情報政策事例研究	前期	水	2	501	大手　英明	3	2	0	30	国際情報学部
情報法	情報と国家安全保障	前期	月	2	501	岩隈　道洋	3	2	0	30	国際情報学部
情報法	ICTビジネスと公共政策	前期	金	5	701	石井　夏生利	3	2	0	30	国際情報学部
情報法	法と経済学	後期	火	4	401	平野　晋	2	2	0	30	国際情報学部
情報法	AI・ロボット法	前期	火	4	401	平野　晋	2	2	1	30	国際情報学部
情報法	刑事法（サイバー犯罪の刑事規制）	後期	火	2	401	中村　真利子	2	2	1	30	国際情報学部
情報法	行政法（情報行政法）	後期	金	3	301	大手　英明	2	2	1	30	国際情報学部
情報法	情報政策ワークショップ	後期	火	5	701	石井　夏生利、大手　英明	2	2	0	30	国際情報学部
情報法	法情報学	前期	火	2	401	岩隈　道洋	2	2	0	30	国際情報学部
情報法	情報プライバシー権法	前期	金	3	301	石井　夏生利	2	2	1	30	国際情報学部
情報法	民事法（情報不法行為法）	前期	火	3	301	中島　美香	2	2	1	30	国際情報学部
情報法	国際規約と国際標準化団体	前期	金	4	301	大手　英明	2	2	0	30	国際情報学部
情報法	情報法	後期	金	2	301	小向　太郎	1	2	1	30	国際情報学部
情報法	刑事法（概論）	後期	火	3	401	中村　真利子	1	2	1	30	国際情報学部
情報法	情報と憲法	後期	水	1	301	岩隈　道洋	1	2	1	30	国際情報学部
情報法	情報政策概論	後期	木	3	301	大手　英明	1	2	1	30	国際情報学部
情報法	民事法（総則と情報契約法）	前期	火	2	301	中島　美香	1	2	1	30	国際情報学部
情報法	法学概論	前期	水	3	401	中村　真利子	1	2	1	30	国際情報学部
情報法	法学概論	前期	水	3	301	石井　夏生利	1	2	1	30	国際情報学部
情報基盤	データマイニングとAI	後期	水	1	501	吉田　雅裕	3	2	0	30	国際情報学部
情報基盤	セキュリティマネジメント	前期	月	1	701	江島　将和	3	2	0	30	国際情報学部
情報基盤	ICTケーススタディ（ネットワーク構築）	前期	木	2	501	小花　聖輝	3	2	0	30	国際情報学部
情報基盤	情報産業における人的資源管理論	前期	月	5	401	寺澤　慎祐	3	2	0	30	国際情報学部
情報基盤	SNSとコミュニケーション	前期	金	5	301	いしたに　まさき	3	2	0	30	国際情報学部
情報基盤	システムとソフトウェア	前期	火	4	501	松崎　和賢	3	2	0	30	国際情報学部
情報基盤	データベース論	前期	水	3	501	吉田　雅裕	3	2	0	30	国際情報学部
情報基盤	システムマネジメント	後期	水	4	401	石谷　靖	2	2	0	30	国際情報学部
情報基盤	意思決定論	後期	金	4	501	糟谷　崇	2	2	0	30	国際情報学部
情報基盤	リスクコミュニケーション	後期	火	3	301	角田　篤泰	2	2	0	30	国際情報学部
情報基盤	OSとハードウェア	後期	木	4	901	小花　聖輝	2	2	0	30	国際情報学部
情報基盤	問題解決とアルゴリズム	後期	水	1	401	坂地　泰紀	2	2	0	30	国際情報学部
情報基盤	情報セキュリティ論	前期	木	2	401	松崎　和賢	2	2	0	30	国際情報学部
情報基盤	システム開発論	前期	月	4	501	小花　聖輝	2	2	0	30	国際情報学部
情報基盤	情報社会と社会的包摂	前期	土	1	オンデマンド	冨樫　耕平	2	2	0	30	国際情報学部
情報基盤	情報ネットワーク論	前期	月	1	401	吉田　雅裕	2	2	0	30	国際情報学部
情報基盤	コンピュータアーキテクチャ	前期	水	3	801	小花　聖輝	2	2	0	30	国際情報学部
情報基盤	オブジェクト指向プログラミング	前期	水	3	701	原田　一義	2	2	0	30	国際情報学部
情報基盤	情報理論	前期	月	2	401	吉田　雅裕	2	2	1	30	国際情報学部
情報基盤	情報フルエンシー	前期	土	1	901	尾登　啓一	1	2	1	30	国際情報学部
情報基盤	情報フルエンシー	前期	木	3	701	横川　公善	1	2	1	30	国際情報学部
情報基盤	情報フルエンシー	前期	水	2	701	松崎　和賢	1	2	1	30	国際情報学部
情報基盤	情報フルエンシー	前期	水	4	701	原田　一義	1	2	1	30	国際情報学部
情報基盤	情報フルエンシー	前期	火	3	801	竹内　雅俊	1	2	1	30	国際情報学部
情報基盤	情報フルエンシー	前期	木	3	702	田口　淳一	1	2	1	30	国際情報学部
情報基盤	情報フルエンシー	前期	水	2	702	小花　聖輝	1	2	1	30	国際情報学部
情報基盤	情報フルエンシー	前期	火	3	802	角田　篤泰	1	2	1	30	国際情報学部
情報基盤	情報フルエンシー	前期	月	5	901	石川　彰夫	1	2	1	30	国際情報学部
情報基盤	メディア論	後期	木	5	401	村田　雅之	1	2	0	30	国際情報学部
情報基盤	情報倫理	後期	火	4	301	角田　篤泰	1	2	1	30	国際情報学部
情報基盤	データサイエンス基礎	後期	水	3	501	吉田　雅裕	1	2	0	30	国際情報学部
情報基盤	統計学	後期	月	3	501	飯塚　重善	1	2	0	30	国際情報学部
情報基盤	国際情報史	後期	月	2	301	飯尾　淳、石井　夏生利、岩隈　道洋、大手　英明、岡嶋　裕史、角田　篤泰、小花　聖輝、小向　太郎、斎藤	1	2	1	30	国際情報学部
情報基盤	インターネット概論	前期	月	2	301	岡嶋　裕史	1	2	1	30	国際情報学部
情報基盤	プログラミングのための数学	前期	水	2	401	飯尾　淳	1	2	0	30	国際情報学部
情報基盤	プログラミング基礎	後期	土	1	901	尾登　啓一	1	2	1	30	国際情報学部
情報基盤	プログラミング基礎	後期	水	2	501	吉田　雅裕	1	2	1	30	国際情報学部
情報基盤	プログラミング基礎	後期	木	2	701	横川　公善	1	2	1	30	国際情報学部
情報基盤	プログラミング基礎	後期	木	2	801	松崎　和賢	1	2	1	30	国際情報学部
情報基盤	プログラミング基礎	後期	水	4	701	原田　一義	1	2	1	30	国際情報学部
情報基盤	プログラミング基礎	後期	木	5	901	中村　和志	1	2	1	30	国際情報学部
情報基盤	プログラミング基礎	後期	火	5	902	小花　聖輝	1	2	1	30	国際情報学部
情報基盤	プログラミング基礎	後期	月	3	802	角田　篤泰	1	2	1	30	国際情報学部
情報基盤	基礎情報学	前期	金	1	301	岡嶋　裕史	1	2	1	30	国際情報学部
情報基盤	国際情報概論	前期	木	2	301	須藤　修	1	2	1	30	国際情報学部
他学部履修科目	Economics Seminar・Ⅰ	前期	月	4	GG504	ウーラートン、マキシム	3	2	0	0	経済学部
他学部履修科目	Economics Seminar・Ⅱ	後期	月	4	GG504	ウーラートン、マキシム	3	2	0	0	経済学部
他学部履修科目	ＥＵ経済論	前期	水	4	7203	髙橋　和也	3	4	0	0	経済学部
他学部履修科目	ＥＵ経済論	前期	水	5	7203	髙橋　和也	3	4	0	0	経済学部
他学部履修科目	ＥＵ法	前期	月	5	2E03	楢﨑　みどり	3	2	0	0	法学部
他学部履修科目	NPO・NGO論	後期	水	2	B1C16	中澤　秀雄	3	2	0	0	法学部
他学部履修科目	ＯＲ第２	後期	木	2	6309	後藤　順哉	3	2	0	0	理工学部
他学部履修科目	アカウンタント・プログラムA2（監査論Ⅰ）	後期	火	3	5201	川端　千暁	3	2	0	0	商学部
他学部履修科目	アカウンタント・プログラムA2（監査論Ⅱ）	後期	火	4	5201	川端　千暁	3	2	0	0	商学部
他学部履修科目	アカウンタント・プログラムA2（管理会計論Ⅰ）	前期	木	1	5201	町田　遼太	3	2	0	0	商学部
他学部履修科目	アカウンタント・プログラムA2（管理会計論Ⅱ）	前期	木	2	5201	町田　遼太	3	2	0	0	商学部
他学部履修科目	アカウンタント・プログラムA2（企業法Ⅰ）	前期	水	3	5202	首藤　優	3	2	0	0	商学部
他学部履修科目	アカウンタント・プログラムA2（企業法Ⅱ）	前期	水	4	5202	首藤　優	3	2	0	0	商学部
他学部履修科目	アカウンタント・プログラムA2（公認会計士・監査法人の実務）有限責任あずさ監査法人寄附講座	前期	金	4	5201	潮　清孝	3	2	0	0	商学部
他学部履修科目	アカウンタント・プログラムA2（財務会計論－基礎理論Ⅰ）	前期	木	5	8105	関口　高弘	3	2	0	0	商学部
他学部履修科目	アカウンタント・プログラムA2（財務会計論－基礎理論Ⅱ）	後期	NULL	0	9999	関口　高弘	3	2	0	0	商学部
他学部履修科目	アカウンタント・プログラムA2（財務会計論－特論Ⅰ）	前期	火	3	5201	浅倉　和俊	3	2	0	0	商学部
他学部履修科目	アカウンタント・プログラムA2（財務会計論－特論Ⅱ）	前期	火	4	5201	浅倉　和俊	3	2	0	0	商学部
他学部履修科目	アカウンタント・プログラムA2（租税法	後期	金	2	5602	山上　淳一	3	2	0	0	商学部
他学部履修科目	アカウンタント・プログラムA2（租税法Ⅰ）	前期	金	2	5602	山上　淳一	3	2	0	0	商学部
他学部履修科目	アジアの文化と歴史Ⅰ	前期	月	6	6318	八木　はるな	3	2	0	0	理工学部
他学部履修科目	アジアの文化と歴史Ⅱ	後期	月	6	6402	八木　はるな	3	2	0	0	理工学部
他学部履修科目	アジア経営論	前期	火	2	8302	小林　守	3	2	0	0	経済学部
他学部履修科目	アジア法	前期	火	1	3E10	通山　昭治	3	4	0	0	法学部
他学部履修科目	アジア法	前期	木	4	3E10	通山　昭治	3	4	0	0	法学部
他学部履修科目	アメリカ政治論１	前期	水	4	B1W02	川上　高司	3	2	0	0	法学部
他学部履修科目	アメリカ政治論２	後期	水	4	B1W02	川上　高司	3	2	0	0	法学部
他学部履修科目	アルゴリズムとデータ構造１	前期	月	2	5234	田村　裕	3	2	0	0	理工学部
他学部履修科目	アルゴリズムとデータ構造２	後期	月	2	5138	田村　裕	3	2	0	0	理工学部
他学部履修科目	アントレプレナーシップ論	後期	月	2	5202	彭　思雄	3	4	0	0	商学部
他学部履修科目	アントレプレナーシップ論	後期	木	4	5202	彭　思雄	3	4	0	0	商学部
他学部履修科目	イノベーション論	後期	木	2	8101	羽田　尚子	3	2	0	0	商学部
他学部履修科目	エコロジカルプランニング	後期	月	5	6310	ホーテス　シュテファン	3	2	0	0	理工学部
他学部履修科目	エレクトロニクス	前期	木	1	6301	高瀬　浩一	3	2	0	0	理工学部
他学部履修科目	ガバナンス論１	前期	火	2	B1C16	工藤　裕子	3	2	0	0	法学部
他学部履修科目	ガバナンス論２	後期	火	2	B1C16	工藤　裕子	3	2	0	0	法学部
他学部履修科目	グローバル・マーケティング論	前期	火	2	8101	井上　真里	3	4	0	0	商学部
他学部履修科目	グローバル・マーケティング論	前期	金	4	8101	井上　真里	3	4	0	0	商学部
他学部履修科目	グローバル流通論	前期	月	6	5202	久保　康彦	3	2	0	0	商学部
他学部履修科目	コーポレートファイナンス	後期	月	1	8101	鯉渕　賢	3	4	0	0	商学部
他学部履修科目	コーポレートファイナンス	後期	木	3	8101	鯉渕　賢	3	4	0	0	商学部
他学部履修科目	コスト･マネジメント	後期	火	3	8304	福島　一矩	3	2	0	0	商学部
他学部履修科目	コンピュータグラフィックス	前期	火	3	5336	牧野　光則	3	2	0	0	理工学部
他学部履修科目	コンピュータシステムとインターネット	後期	火	5	6421	松崎　雄一郎	3	2	0	0	理工学部
他学部履修科目	コンピュータ及情報処理１	後期	火	2	6426	小林　義彦	3	2	0	0	理工学部
他学部履修科目	コンピュータ及情報処理２	前期	土	4	6210	森山　修	3	2	0	0	理工学部
他学部履修科目	コンピュータ工学基礎	前期	水	5	5235	松崎　雄一郎	3	2	0	0	理工学部
他学部履修科目	サスティナビリティ行動科学	前期	金	1	6326	檀　一平太	3	2	0	0	理工学部
他学部履修科目	システムプログラム	前期	金	3	6318	久保田　光一	3	2	0	0	理工学部
他学部履修科目	システム制御	前期	木	2	6426	橋本　秀紀	3	2	0	0	理工学部
他学部履修科目	シミュレーション	後期	金	3	5136	渡邉　則生	3	2	0	0	理工学部
他学部履修科目	スポーツ・ビジネス・プログラムA1（Jリーグ・ビジネス論Ⅰ）明治安田生命寄付講座	前期	木	2	8304	渡辺　岳夫	3	2	0	0	商学部
他学部履修科目	スポーツ・ビジネス・プログラムA1（Jリーグ・ビジネス論Ⅱ）明治安田生命寄付講座	後期	木	2	8304	渡辺　岳夫	3	2	0	0	商学部
他学部履修科目	スポーツ・ビジネス・プログラムA1（スポーツ・ビジネス概論Ⅰ）	前期	月	3	5201	澤井　和彦	3	2	0	0	商学部
他学部履修科目	スポーツ・ビジネス・プログラムA1（スポーツ・ビジネス概論Ⅱ）	前期	金	4	5204B	関根　正敏	3	2	0	0	商学部
他学部履修科目	スポーツ・ビジネス・プログラムA1（スポーツ・ビジネス概論Ⅲ）	後期	月	3	5201	澤井　和彦	3	2	0	0	商学部
他学部履修科目	スポーツ・ビジネス・プログラムA1（スポーツ・ビジネス概論Ⅳ）	後期	金	4	5204B	関根　正敏	3	2	0	0	商学部
他学部履修科目	スポーツ科学	前期	水	5	5333	高橋　雄介	3	2	0	0	理工学部
他学部履修科目	スポーツ科学	後期	水	5	5333	高橋　雄介	3	2	0	0	理工学部
他学部履修科目	スポーツ科学	前期	木	3	5136	高橋　雄介	3	2	0	0	理工学部
他学部履修科目	スポーツ科学	後期	木	3	5136	高橋　雄介	3	2	0	0	理工学部
他学部履修科目	スポーツ解析	後期	月	5	ITC	鎌倉　稔成	3	2	0	0	理工学部
他学部履修科目	スモールビジネス論	前期	月	4	8208	砂川　和範	3	4	0	0	商学部
他学部履修科目	スモールビジネス論	前期	木	2	8208	砂川　和範	3	4	0	0	商学部
他学部履修科目	センシング工学	後期	水	2	5137	橋本　秀紀	3	2	0	0	理工学部
他学部履修科目	ソーシャル・アントレプレナーシップ・プログラムA1（ソーシャル・ビジネスの実務）きらぼし銀行協賛講座	前期	火	4	8104	柚木　理雄	3	2	0	0	商学部
他学部履修科目	ソーシャル・アントレプレナーシップ・プログラムA3（ビジネスシミュレーションゲームⅠ）	後期	水	3	5207	安積　淳	3	2	0	0	商学部
他学部履修科目	ソーシャル・アントレプレナーシップ・プログラムA3（ビジネスシミュレーションゲームⅡ）	後期	水	3	5207	安積　淳	3	2	0	0	商学部
他学部履修科目	ソーシャル・アントレプレナーシップ・プログラムA3（ビジネス改革とICTⅠ）	前期	金	1	5306	堀内　恵	3	2	0	0	商学部
他学部履修科目	ソーシャル・アントレプレナーシップ・プログラムA3（ビジネス改革とICTⅡ）	後期	金	1	5306	堀内　恵	3	2	0	0	商学部
他学部履修科目	ディジタル回路	後期	金	2	5135	道正　志郎	3	2	0	0	理工学部
他学部履修科目	ディジタル信号処理	前期	火	4	5235	趙　晋輝	3	2	0	0	理工学部
他学部履修科目	データ解析第１	前期	月	3	ITC	鎌倉　稔成	3	2	0	0	理工学部
他学部履修科目	データ解析第２	後期	火	2	5336	鎌倉　稔成	3	2	0	0	理工学部
他学部履修科目	デザインの基礎	前期	金	1	5233	佐藤　尚次	3	2	0	0	理工学部
他学部履修科目	トライボロジー	後期	月	4	6310	安藤　泰久	3	2	0	0	理工学部
他学部履修科目	人間工学	夏季集中	NULL	0	0000	水野　有希	3	2	0	0	理工学部
他学部履修科目	ネットワークアルゴリズム	後期	金	2	6301	今堀　慎治	3	2	0	0	理工学部
他学部履修科目	バイオメカニクス	後期	木	3	6302	和田　匡史	3	2	0	0	理工学部
他学部履修科目	パワーエレクトロニクス	前期	火	5	5234	小原　秀嶺	3	2	0	0	理工学部
他学部履修科目	ビジネス英語Ⅰ	前期	月	4	5306	山本　慎悟	3	4	0	0	商学部
他学部履修科目	ビジネス英語Ⅰ	前期	木	2	5306	山本　慎悟	3	4	0	0	商学部
他学部履修科目	ビジネス英語Ⅱ	前期	月	3	5306	ブラック、グラント	3	4	0	0	商学部
他学部履修科目	ビジネス英語Ⅱ	前期	木	1	5306	ブラック、グラント	3	4	0	0	商学部
他学部履修科目	ビジネス英語Ⅲ	後期	水	1	5202	野村　誠二	3	4	0	0	商学部
他学部履修科目	ビジネス英語Ⅲ	後期	水	2	5202	野村　誠二	3	4	0	0	商学部
他学部履修科目	ヒューマンエコノミークラスター特殊講義	前期	火	4	7104	阿部　正浩	3	2	0	0	経済学部
他学部履修科目	ヒューマンメディア工学	前期	月	3	6801	加藤　俊一	3	2	0	0	理工学部
他学部履修科目	ファイナンシャル・スペシャリスト・プログラムA1（ファイナンシャル・プランニングⅠ）	前期	月	4	5204B	藤波　大三郎	3	2	0	0	商学部
他学部履修科目	ファイナンシャル・スペシャリスト・プログラムA1（ファイナンシャル・プランニングⅡ）	後期	月	4	5204B	藤波　大三郎	3	2	0	0	商学部
他学部履修科目	ファイナンシャル・スペシャリスト・プログラムA1（不動産Ⅰ）	前期	木	4	5402	岡野　淳	3	2	0	0	商学部
他学部履修科目	ファイナンシャル・スペシャリスト・プログラムA1（不動産Ⅱ）	前期	木	4	5402	岡野　淳	3	2	0	0	商学部
他学部履修科目	ファイナンシャル・スペシャリスト・プログラムA2（コーポレートファイナンスと企業分析Ⅰ）	前期	月	5	5601	山田　哲弘	3	2	0	0	商学部
他学部履修科目	ファイナンシャル・スペシャリスト・プログラムA2（コーポレートファイナンスと企業分析Ⅱ）	後期	月	5	5601	山田　哲弘	3	2	0	0	商学部
他学部履修科目	ファイナンシャル・スペシャリスト・プログラムA2（市場と経済の分析Ⅰ）	後期	金	3	5202	根本　忠宣	3	2	0	0	商学部
他学部履修科目	ファイナンシャル・スペシャリスト・プログラムA2（市場と経済の分析Ⅱ）	前期	水	3	5203	宮越　龍義	3	2	0	0	商学部
他学部履修科目	ファイナンシャル・スペシャリスト・プログラムA2（資産運用ビジネス（SMBC日興証券グループ協力講座））	後期	水	3	5203	石坂　元一	3	2	0	0	商学部
他学部履修科目	ファイナンシャル・スペシャリスト・プログラムA2（証券分析とポートフォリオマネジメントⅠ）	前期	月	1	5703	白須　洋子	3	2	0	0	商学部
他学部履修科目	ファイナンシャル・スペシャリスト・プログラムA2（証券分析とポートフォリオマネジメントⅡ）	後期	金	2	5202	柳瀬　典由	3	2	0	0	商学部
他学部履修科目	マーケティング・チャネル論	後期	火	1	5201	寺本　高	3	4	0	0	商学部
他学部履修科目	マーケティング・チャネル論	後期	金	3	5201	寺本　高	3	4	0	0	商学部
他学部履修科目	マイクロマシン	後期	火	3	5335	土肥　徹次	3	2	0	0	理工学部
他学部履修科目	マクロ経済学１	前期	木	5	B1W01	安藤　浩一	3	2	0	0	法学部
他学部履修科目	マクロ経済学１	前期	土	1	2E03	岩城　秀裕	3	2	0	0	法学部
他学部履修科目	マクロ経済学２	後期	木	5	B1W01	安藤　浩一	3	2	0	0	法学部
他学部履修科目	マクロ経済学２	後期	土	1	2E03	岩城　秀裕	3	2	0	0	法学部
他学部履修科目	マルチメディア情報処理	後期	水	4	6317	趙　晋輝	3	2	0	0	理工学部
他学部履修科目	ミクロ経済学１	前期	水	6	1W01	井内　正敏	3	2	0	0	法学部
他学部履修科目	ミクロ経済学１	前期	木	3	B1W02	安藤　浩一	3	2	0	0	法学部
他学部履修科目	ミクロ経済学２	後期	水	6	1W01	井内　正敏	3	2	0	0	法学部
他学部履修科目	ミクロ経済学２	後期	木	3	B1W02	安藤　浩一	3	2	0	0	法学部
他学部履修科目	メカトロニクス	後期	火	4	5233	中村　太郎	3	2	0	0	理工学部
他学部履修科目	ヨーロッパ経済論	前期	金	5	8305	杉浦　史和	3	4	0	0	商学部
他学部履修科目	ヨーロッパ経済論	前期	金	6	8305	杉浦　史和	3	4	0	0	商学部
他学部履修科目	ローマ法１	前期	NULL	0	0000	森　光	3	2	0	0	法学部
他学部履修科目	ローマ法２	後期	NULL	0	0000	森　光	3	2	0	0	法学部
他学部履修科目	ロシア法史	後期	金	1	5W07	渋谷　謙次郎	3	4	0	0	法学部
他学部履修科目	ロシア法史	後期	金	2	5W07	渋谷　謙次郎	3	4	0	0	法学部
他学部履修科目	ロボット工学	後期	火	3	6326	國井　康晴	3	2	0	0	理工学部
他学部履修科目	ロボット工学	前期	水	2	5236	大隅　久	3	2	0	0	理工学部
他学部履修科目	暗号理論	後期	金	4	6302	趙　晋輝	3	2	0	0	理工学部
他学部履修科目	位相数学	前期	火	3	5233	三好　重明	3	4	0	0	理工学部
他学部履修科目	位相数学	前期	金	2	5233	三好　重明	3	4	0	0	理工学部
他学部履修科目	維持管理工学	後期	木	4	6317	鈴木　修一	3	2	0	0	理工学部
他学部履修科目	医用精密工学	後期	土	3	5133	太田　裕治	3	2	0	0	理工学部
他学部履修科目	医用精密工学	後期	土	4	5133	太田　裕治	3	2	0	0	理工学部
他学部履修科目	医療と福祉	前期	月	1	0000	丹野　眞紀子	3	2	0	0	法学部
他学部履修科目	医療と福祉	後期	水	1	0000	丹野　眞紀子	3	2	0	0	法学部
他学部履修科目	宇宙物理学	前期	水	4	6409	坪井　陽子	3	2	0	0	理工学部
他学部履修科目	運送法	前期	NULL	0	0000	平泉　貴士	3	2	0	0	法学部
他学部履修科目	英文会計論	前期	火	4	8102	山田　辰己	3	2	0	0	商学部
他学部履修科目	応用解析１	前期	火	3	5135	中村　真	3	2	0	0	理工学部
他学部履修科目	応用解析２	後期	月	3	6210	香取　眞理	3	2	0	0	理工学部
他学部履修科目	応用解析学	後期	月	2	5201	石村　直之	3	4	0	0	商学部
他学部履修科目	応用解析学	後期	木	4	5201	石村　直之	3	4	0	0	商学部
他学部履修科目	応用確率論	後期	水	5	6301	藤田　岳彦	3	2	0	0	理工学部
他学部履修科目	応用数学Ⅰ	後期	土	3	6301	有光　哲彦	3	2	0	0	理工学部
他学部履修科目	応用数学Ⅱ	前期	木	4	5134	江口　真透	3	2	0	0	理工学部
他学部履修科目	応用数学Ⅲ	前期	月	5	6209	望月　哲史	3	2	0	0	理工学部
他学部履修科目	応用数理解析	前期	月	3	5136	山村　清隆	3	2	0	0	理工学部
他学部履修科目	応用統計	後期	火	2	7212	芳賀　寛	3	4	0	0	経済学部
他学部履修科目	応用統計	後期	金	4	7212	芳賀　寛	3	4	0	0	経済学部
他学部履修科目	応用統計学１	前期	水	5	6301	酒折　文武	3	2	0	0	理工学部
他学部履修科目	応用統計学２	後期	木	4	6326	江口　真透	3	2	0	0	理工学部
他学部履修科目	応用無機化学２	後期	金	2	5333	大石　克嘉	3	2	0	0	理工学部
他学部履修科目	欧米の文化と歴史Ⅰ	前期	月	3	6402	吉田　達	3	2	0	0	理工学部
他学部履修科目	欧米の文化と歴史Ⅱ	後期	月	3	6326	木戸　繭子	3	2	0	0	理工学部
他学部履修科目	音響工学	後期	木	2	6209	戸井　武司	3	2	0	0	理工学部
他学部履修科目	加工制御工学	前期	金	3	5334	鈴木　教和	3	2	0	0	理工学部
他学部履修科目	画像処理	前期	木	1	6413	梅田　和昇	3	2	0	0	理工学部
他学部履修科目	画像処理システム論	後期	木	2	6801	加藤　俊一	3	2	0	0	理工学部
他学部履修科目	会計情報システム論	前期	火	2	5201	櫻井　康弘	3	2	0	0	商学部
他学部履修科目	会社法１	前期	NULL	0	0000	宮本　航平	3	4	0	0	法学部
他学部履修科目	会社法１	前期	NULL	0	0000	宮本　航平	3	4	0	0	法学部
他学部履修科目	解析学	後期	火	3	8101	髙岡　浩一郎	3	2	0	0	商学部
他学部履修科目	解析学	後期	木	5	8103	中島　禎志	3	2	0	0	商学部
他学部履修科目	解析学４	前期	水	2	5134	古谷　康雄	3	2	0	0	理工学部
他学部履修科目	解析学５	後期	水	4	5136	津川　光太郎	3	2	0	0	理工学部
他学部履修科目	解析力学	後期	金	3	5234	米満　賢治	3	2	0	0	理工学部
他学部履修科目	海岸水理学	前期	金	5	6409	有川　太郎	3	2	0	0	理工学部
他学部履修科目	開発と環境	前期	土	2	7102	塚原　沙智子	3	2	0	0	経済学部
他学部履修科目	開発の国際法	前期	木	2	2E03	西海　真樹	3	2	0	0	法学部
他学部履修科目	開発金融論	前期	月	5	7104	坂野　太一	3	2	0	0	経済学部
他学部履修科目	外交と国際法１	前期	木	2	3C13	尾﨑　久仁子	3	2	0	0	法学部
他学部履修科目	外交と国際法２	後期	木	2	3C13	尾﨑　久仁子	3	2	0	0	法学部
他学部履修科目	外国為替論	前期	月	2	7205	章　沙娟	3	4	0	0	経済学部
他学部履修科目	外国為替論	前期	木	4	7205	章　沙娟	3	4	0	0	経済学部
他学部履修科目	外国史概説	後期	木	2	8103	南　修平	3	2	0	0	商学部
他学部履修科目	外国法概論１Ａ－２	後期	水	5	0000	デルナウア、マーク	3	2	0	0	法学部
他学部履修科目	外国法概論１Ｂ－１	前期	火	3	B1C16	佐藤　修一郎	3	2	0	0	法学部
他学部履修科目	外国法概論１Ｂ－２	後期	NULL	0	0000	力丸　祥子	3	2	0	0	法学部
他学部履修科目	外国法研究１Ａ－３	後期	水	3	0000	デルナウア、マーク	3	2	0	0	法学部
他学部履修科目	外国法研究１Ａ－４	前期	水	3	0000	デルナウア、マーク	3	2	0	0	法学部
他学部履修科目	外国法研究１Ｂ－３	前期	火	1	0000	力丸　祥子	3	2	0	0	法学部
他学部履修科目	外国法研究１Ｂ－４	後期	火	1	0000	力丸　祥子	3	2	0	0	法学部
他学部履修科目	確率及統計	前期	水	3	6301	酒折　文武	3	2	0	0	理工学部
他学部履修科目	確率論	前期	月	2	5204B	髙岡　浩一郎	3	4	0	0	商学部
他学部履修科目	確率論	前期	木	4	5204B	髙岡　浩一郎	3	4	0	0	商学部
他学部履修科目	感性工学	後期	土	1	6309	入澤　裕介	3	2	0	0	理工学部
他学部履修科目	環境クラスター特殊講義	前期	土	2	7203	米田　篤裕	3	2	0	0	経済学部
他学部履修科目	環境リスク評価論	後期	月	4	6302	志々目　友博	3	2	0	0	理工学部
他学部履修科目	環境リスク論	後期	土	2	7203	米田　篤裕	3	2	0	0	経済学部
他学部履修科目	環境会計論	後期	水	3	9998	松尾　敏行	3	4	0	0	経済学部
他学部履修科目	環境会計論	後期	水	4	9998	松尾　敏行	3	4	0	0	経済学部
他学部履修科目	環境経済学	後期	水	1	7102	堀江　哲也	3	4	0	0	経済学部
他学部履修科目	環境経済学	後期	水	2	7102	堀江　哲也	3	4	0	0	経済学部
他学部履修科目	環境行政概論	前期	金	5	5336	志々目　友博	3	2	0	0	理工学部
他学部履修科目	環境政策	前期	金	2	6418	志々目　友博	3	2	0	0	理工学部
他学部履修科目	環境政策Ⅰ	前期	金	1	7103	鳥飼　行博	3	2	0	0	経済学部
他学部履修科目	環境政策Ⅱ	前期	金	2	7103	鳥飼　行博	3	2	0	0	経済学部
他学部履修科目	環境法２	後期	木	2	3W01	洞澤　秀雄	3	2	0	0	法学部
他学部履修科目	環境倫理学	後期	月	2	7104	濱岡　剛	3	2	0	0	経済学部
他学部履修科目	監査論	前期	月	1	8304	川端　千暁	3	4	0	0	商学部
他学部履修科目	監査論	前期	木	3	8304	川端　千暁	3	4	0	0	商学部
他学部履修科目	企業と環境	前期	土	1	7102	宗像　慎太郎	3	2	0	0	経済学部
他学部履修科目	企業経済クラスター特殊講義	前期	火	4	7101	江川　章	3	2	0	0	経済学部
他学部履修科目	企業経済クラスター特殊講義	前期	金	3	F605	国松　麻季	3	2	0	0	経済学部
他学部履修科目	企業経済学	前期	金	1	2109	本庄　裕司	3	4	0	0	商学部
他学部履修科目	企業経済学	前期	火	3	2109	本庄　裕司	3	4	0	0	商学部
他学部履修科目	企業結合会計論	前期	金	1	8104	山口　朋泰	3	2	0	0	商学部
他学部履修科目	企業結合会計論	前期	金	2	8104	山口　朋泰	3	2	0	0	商学部
他学部履修科目	企業取引法	後期	火	1	0000	平泉　貴士	3	2	0	0	法学部
他学部履修科目	企業取引法	後期	NULL	0	0000	宮本　航平	3	2	0	0	法学部
他学部履修科目	企業法総論	前期	火	1	0000	平泉　貴士	3	2	0	0	法学部
他学部履修科目	企業法総論	前期	木	1	0000	小宮　靖毅	3	2	0	0	法学部
他学部履修科目	企業法務（独占禁止法）	後期	月	5	5202	西村　暢史	3	2	0	0	商学部
他学部履修科目	企業法務（労働法）	前期	木	3	5203	松井　良和	3	2	0	0	商学部
他学部履修科目	幾何学１	前期	月	3	5137	芥川　和雄	3	4	0	0	理工学部
他学部履修科目	幾何学１	前期	水	3	5137	芥川　和雄	3	4	0	0	理工学部
他学部履修科目	幾何学３	前期	月	5	6310	高津　飛鳥	3	2	0	0	理工学部
他学部履修科目	幾何学４	後期	月	2	6426	北野　晃朗	3	2	0	0	理工学部
他学部履修科目	気象学	後期	金	3	6326	木口　雅司	3	2	0	0	理工学部
他学部履修科目	技術経営論	後期	月	4	8105	斎藤　正武	3	4	0	0	商学部
他学部履修科目	技術経営論	後期	木	2	8105	斎藤　正武	3	4	0	0	商学部
他学部履修科目	教育法	前期	木	5	2E04	中川　律	3	4	0	0	法学部
他学部履修科目	教育法	前期	NULL	0	2E04	中川　律	3	4	0	0	法学部
他学部履修科目	金融政策論	後期	水	1	8305	白塚　重典	3	4	0	0	商学部
他学部履修科目	金融政策論	後期	水	2	8305	白塚　重典	3	4	0	0	商学部
他学部履修科目	金融論１	前期	金	3	2E08	高橋　正彦	3	2	0	0	法学部
他学部履修科目	金融論２	後期	金	3	2E08	高橋　正彦	3	2	0	0	法学部
他学部履修科目	金融論Ⅱ	後期	火	3	7104	近廣　昌志	3	4	0	0	経済学部
他学部履修科目	金融論Ⅱ	後期	金	1	7104	近廣　昌志	3	4	0	0	経済学部
他学部履修科目	空間情報モデリング	前期	火	2	5233	原田　芳樹	3	2	0	0	理工学部
他学部履修科目	空間数学	後期	木	1	5334	髙松　瑞代	3	2	0	0	理工学部
他学部履修科目	刑事政策	後期	金	3	B1C16	宮園　久栄	3	4	0	0	法学部
他学部履修科目	刑事政策	後期	水	2	3C13	四方　光	3	4	0	0	法学部
他学部履修科目	刑事政策	後期	金	4	B1C16	宮園　久栄	3	4	0	0	法学部
他学部履修科目	刑事政策	後期	NULL	0	3C13	四方　光	3	4	0	0	法学部
他学部履修科目	刑事訴訟法	前期	火	1	B1C16	三明　翔	3	4	0	0	法学部
他学部履修科目	刑事訴訟法	前期	火	4	2W01	安井　哲章	3	4	0	0	法学部
他学部履修科目	刑事訴訟法	後期	月	4	2E08	柳川　重規	3	4	0	0	法学部
他学部履修科目	刑事訴訟法	前期	木	4	B1C16	三明　翔	3	4	0	0	法学部
他学部履修科目	刑事訴訟法	前期	木	1	2W01	安井　哲章	3	4	0	0	法学部
他学部履修科目	刑事訴訟法	後期	NULL	0	2E08	柳川　重規	3	4	0	0	法学部
他学部履修科目	刑法各論	後期	NULL	0	0000	曲田　統	3	4	0	0	法学部
他学部履修科目	刑法各論	後期	NULL	0	0000	曲田　統	3	4	0	0	法学部
他学部履修科目	刑法総論	前期	火	1	1W01	安井　哲章	3	4	0	0	法学部
他学部履修科目	刑法総論	前期	火	4	3C13	只木　誠	3	4	0	0	法学部
他学部履修科目	刑法総論	前期	NULL	0	0000	曲田統	3	4	0	0	法学部
他学部履修科目	刑法総論	前期	木	4	1W01	安井　哲章	3	4	0	0	法学部
他学部履修科目	刑法総論	前期	木	1	3C13	只木　誠	3	4	0	0	法学部
他学部履修科目	刑法総論	前期	NULL	0	0000	曲田統	3	4	0	0	法学部
他学部履修科目	景気変動論	後期	金	5	8304	高島　浩之	3	4	0	0	商学部
他学部履修科目	景気変動論	後期	金	6	8304	高島　浩之	3	4	0	0	商学部
他学部履修科目	経営情報論	前期	月	2	8304	堀内　恵	3	4	0	0	商学部
他学部履修科目	経営情報論	前期	木	4	8304	堀内　恵	3	4	0	0	商学部
他学部履修科目	経営戦略論	後期	水	3	8206	酒井　康之	3	4	0	0	経済学部
他学部履修科目	経営戦略論	後期	水	4	8206	酒井　康之	3	4	0	0	経済学部
他学部履修科目	経営組織論	前期	水	4	7202	吉永　崇史	3	4	0	0	経済学部
他学部履修科目	経営組織論	前期	水	5	7202	吉永　崇史	3	4	0	0	経済学部
他学部履修科目	経営分析論	後期	月	1	8304	山田　哲弘	3	4	0	0	商学部
他学部履修科目	経営分析論	後期	木	3	8304	山田　哲弘	3	4	0	0	商学部
他学部履修科目	経済開発クラスター特殊講義	前期	水	5	7401	林　光洋	3	2	0	0	経済学部
他学部履修科目	経済史	前期	水	3	8105	杉山　遼太郎	3	4	0	0	商学部
他学部履修科目	経済史	前期	水	4	8105	杉山　遼太郎	3	4	0	0	商学部
他学部履修科目	経済数学	前期	火	4	7205	福住　多一	3	4	0	0	経済学部
他学部履修科目	経済数学	前期	火	5	7205	福住　多一	3	4	0	0	経済学部
他学部履修科目	経済性工学	前期	金	1	5334	生田目　崇	3	2	0	0	理工学部
他学部履修科目	経済政策１	前期	土	2	5W04	岩城　秀裕	3	2	0	0	法学部
他学部履修科目	経済政策２	後期	土	2	5W04	岩城　秀裕	3	2	0	0	法学部
他学部履修科目	経済総合クラスター特殊講義	後期	火	2	7410	皆川　純一	3	2	0	0	経済学部
他学部履修科目	経済地理	後期	金	5	5202	山本　匡毅	3	2	0	0	商学部
他学部履修科目	経済地理	後期	金	6	5202	山本　匡毅	3	2	0	0	商学部
他学部履修科目	経済統計	後期	金	1	7201	大井　達雄	3	4	0	0	経済学部
他学部履修科目	経済統計	後期	金	2	7201	大井　達雄	3	4	0	0	経済学部
他学部履修科目	経済変動論	前期	火	4	7402	古川　雄一	3	4	0	0	経済学部
他学部履修科目	経済変動論	前期	金	2	7402	古川　雄一	3	4	0	0	経済学部
他学部履修科目	経済法（経済規制法）	後期	月	1	B1C16	西村　暢史	3	2	0	0	法学部
他学部履修科目	計算プログラミング	後期	月	2	ITC	田口　善弘	3	2	0	0	理工学部
他学部履修科目	計算幾何学	前期	金	4	5135	今井　桂子	3	2	0	0	理工学部
他学部履修科目	計算機シミュレーション１	前期	火	1	6301	石井　靖	3	2	0	0	理工学部
他学部履修科目	計算機シミュレーション２	後期	月	5	ITC	水野　貴之	3	2	0	0	理工学部
他学部履修科目	計算工学Ⅰ	後期	木	1	6417	平岡　弘之	3	2	0	0	理工学部
他学部履修科目	計算工学Ⅱ	前期	木	2	6421	辻　知章	3	2	0	0	理工学部
他学部履修科目	計算力学	前期	金	2	3300	樫山　和男	3	2	0	0	理工学部
他学部履修科目	計測工学Ⅱ	後期	金	1	5335	梅田　和昇	3	2	0	0	理工学部
他学部履修科目	計量経済学	前期	金	1	7201	大井　達雄	3	4	0	0	経済学部
他学部履修科目	計量経済学	後期	火	4	8101	窪田　康平	3	4	0	0	商学部
他学部履修科目	計量経済学	前期	金	2	7201	大井　達雄	3	4	0	0	経済学部
他学部履修科目	計量経済学	後期	金	2	8101	窪田　康平	3	4	0	0	商学部
他学部履修科目	計量政治学・社会調査論１	前期	水	2	3E05	古賀　光生	3	2	0	0	法学部
他学部履修科目	健康・スポーツ科学Ａ（生命倫理）	前期	水	4	1W01	小峯　力	3	2	0	0	法学部
他学部履修科目	健康・スポーツ科学Ａ（生命倫理）	後期	水	4	1W01	小峯　力	3	2	0	0	法学部
他学部履修科目	健康・スポーツ科学Ｂ（スポーツ法）	前期	火	1	2E08	杉山　翔一	3	2	0	0	法学部
他学部履修科目	健康スポーツ科学	前期	水	5	6425	阿部　太輔	3	2	0	0	理工学部
他学部履修科目	健康スポーツ科学	後期	水	5	6425	阿部　太輔	3	2	0	0	理工学部
他学部履修科目	健康スポーツ科学	前期	木	3	6325	篠木　真帆	3	2	0	0	理工学部
他学部履修科目	健康スポーツ科学	後期	木	3	6326	篠木　真帆	3	2	0	0	理工学部
他学部履修科目	健康経済学	後期	土	1	7201	赤澤　とし子	3	4	0	0	経済学部
他学部履修科目	健康経済学	後期	土	2	7201	赤澤　とし子	3	4	0	0	経済学部
他学部履修科目	憲法２（統治）	前期	火	6	B1C16	松原　光宏	3	4	0	0	法学部
他学部履修科目	憲法２（統治）	前期	月	2	1W01	武市　周作	3	4	0	0	法学部
他学部履修科目	憲法２（統治）	前期	NULL	0	0000	橋本　基弘	3	4	0	0	法学部
他学部履修科目	憲法２（統治）	前期	木	3	B1C16	松原　光宏	3	4	0	0	法学部
他学部履修科目	憲法２（統治）	前期	水	5	1W01	武市　周作	3	4	0	0	法学部
他学部履修科目	憲法２（統治）	前期	NULL	0	0000	橋本　基弘	3	4	0	0	法学部
他学部履修科目	現代テクノロジー論	前期	金	5	8102	藤　祐司	3	4	0	0	商学部
他学部履修科目	現代テクノロジー論	前期	金	6	8102	藤　祐司	3	4	0	0	商学部
他学部履修科目	現代社会論Ⅰ	前期	金	4	6402	吉田　達	3	2	0	0	理工学部
他学部履修科目	現代社会論Ⅱ	後期	金	4	6418	吉田　達	3	2	0	0	理工学部
他学部履修科目	現代制御理論	後期	月	2	6310	大隅　久	3	2	0	0	理工学部
他学部履修科目	現代制度会計論	後期	金	2	8102	吉田　智也	3	2	0	0	商学部
他学部履修科目	現代政治理論１	前期	水	4	3C13	中島　康予	3	2	0	0	法学部
他学部履修科目	現代政治理論２	後期	水	4	3C13	中島　康予	3	2	0	0	法学部
他学部履修科目	言語学	前期	木	3	8104	二宮　理佳	3	4	0	0	商学部
他学部履修科目	言語学	後期	火	1	8304	栗原　文子	3	4	0	0	商学部
他学部履修科目	言語学	前期	月	1	8104	二宮　理佳	3	4	0	0	商学部
他学部履修科目	言語学	後期	金	3	8304	栗原　文子	3	4	0	0	商学部
他学部履修科目	固体物性	後期	水	2	6309	石井　靖	3	2	0	0	理工学部
他学部履修科目	固体物理学	前期	水	3	6417	石井　靖	3	2	0	0	理工学部
他学部履修科目	交通計画	前期	月	3	6310	原田　昇	3	2	0	0	理工学部
他学部履修科目	光エレクトロニクス	後期	火	4	6209	庄司　一郎	3	2	0	0	理工学部
他学部履修科目	光学	前期	金	1	5135	大谷　幸利	3	2	0	0	理工学部
他学部履修科目	光機能化学	前期	木	1	6309	片山　建二	3	2	0	0	理工学部
他学部履修科目	公共クラスター特殊講義	前期	水	5	7201	神山　和美	3	2	0	0	経済学部
他学部履修科目	工学デザイン概論	前期	金	2	6421	木下　敦寛	3	2	0	0	理工学部
他学部履修科目	工業デザイン	後期	水	4	6309	木村　加奈子	3	2	0	0	理工学部
他学部履修科目	工業技術史	後期	土	2	6325	及川　昌志	3	2	0	0	理工学部
他学部履修科目	広告論	後期	火	2	8201	熊倉　広志	3	4	0	0	商学部
他学部履修科目	広告論	後期	金	4	8201	熊倉　広志	3	4	0	0	商学部
他学部履修科目	構造物の安全性・信頼性	前期	木	2	6413	佐藤　尚次	3	2	0	0	理工学部
他学部履修科目	行政学１	前期	水	3	B1W02	秋吉　貴雄	3	2	0	0	法学部
他学部履修科目	行政学１	前期	木	3	2E08	武智　秀之	3	2	0	0	法学部
他学部履修科目	行政学１	前期	金	5	1W01	小林　大祐	3	2	0	0	法学部
他学部履修科目	行政学２	後期	水	3	B1W02	秋吉　貴雄	3	2	0	0	法学部
他学部履修科目	行政学２	後期	木	3	2E08	武智　秀之	3	2	0	0	法学部
他学部履修科目	行政学２	後期	金	5	1W01	小林　大祐	3	2	0	0	法学部
他学部履修科目	行政救済法	後期	火	1	3C13	洞澤　秀雄	3	4	0	0	法学部
他学部履修科目	行政救済法	後期	火	5	B1W01	亘理　格	3	4	0	0	法学部
他学部履修科目	行政救済法	後期	木	4	3C13	洞澤　秀雄	3	4	0	0	法学部
他学部履修科目	行政救済法	後期	木	2	B1W01	亘理　格	3	4	0	0	法学部
他学部履修科目	行政組織法	後期	水	4	B1W01	富井　幸雄	3	2	0	0	法学部
他学部履修科目	行政法総論	前期	火	1	3C13	牛嶋　仁	3	4	0	0	法学部
他学部履修科目	行政法総論	前期	火	5	B1W01	亘理　格	3	4	0	0	法学部
他学部履修科目	行政法総論	前期	NULL	0	0000	徳本　広孝	3	4	0	0	法学部
他学部履修科目	行政法総論	前期	木	4	3C13	牛嶋　仁	3	4	0	0	法学部
他学部履修科目	行政法総論	前期	木	2	B1W01	亘理　格	3	4	0	0	法学部
他学部履修科目	行政法総論	前期	NULL	0	0000	徳本　広孝	3	4	0	0	法学部
他学部履修科目	高等簿記論	後期	木	3	8103	吉田　智也	3	2	0	0	商学部
他学部履修科目	国際会計論	後期	火	4	8102	山田　辰己	3	2	0	0	商学部
他学部履修科目	国際学	後期	月	5	3C13	渡部　茂己	3	2	0	0	法学部
他学部履修科目	国際学	前期	木	2	B1C16	都留　康子	3	2	0	0	法学部
他学部履修科目	国際協力論	前期	火	1	7202	林　光洋	3	2	0	0	経済学部
他学部履修科目	国際金融論	後期	火	2	5202	根本　忠宣	3	4	0	0	商学部
他学部履修科目	国際金融論	後期	金	4	5202	根本　忠宣	3	4	0	0	商学部
他学部履修科目	国際金融論１	前期	金	4	2C02	江川　由紀雄	3	2	0	0	法学部
他学部履修科目	国際金融論２	後期	金	4	2C02	江川　由紀雄	3	2	0	0	法学部
他学部履修科目	国際経営論	後期	金	4	8301	福永　晶彦	3	4	0	0	経済学部
他学部履修科目	国際経営論	後期	金	5	8301	福永　晶彦	3	4	0	0	経済学部
他学部履修科目	国際経済学１	前期	水	5	2E03	井内　正敏	3	2	0	0	法学部
他学部履修科目	国際経済学２	後期	水	5	2E03	井内　正敏	3	2	0	0	法学部
他学部履修科目	国際経済法	前期	月	2	B1W02	楢﨑　みどり	3	4	0	0	法学部
他学部履修科目	国際経済法	前期	水	5	B1W02	楢﨑　みどり	3	4	0	0	法学部
他学部履修科目	国際商務論	前期	月	2	5201	山本　慎悟	3	4	0	0	商学部
他学部履修科目	国際商務論	前期	木	4	5201	山本　慎悟	3	4	0	0	商学部
他学部履修科目	国際政治学１	前期	月	4	3W01	宇田川　光弘	3	2	0	0	法学部
他学部履修科目	国際政治学１	前期	木	4	B1W01	玉置　敦彦	3	2	0	0	法学部
他学部履修科目	国際政治学２	後期	月	4	3W01	宇田川　光弘	3	2	0	0	法学部
他学部履修科目	国際政治学２	後期	木	4	B1W01	玉置　敦彦	3	2	0	0	法学部
他学部履修科目	国際政治経済学１	前期	金	2	5W08	三浦　秀之	3	2	0	0	法学部
他学部履修科目	国際政治経済学２	後期	金	2	5W08	三浦　秀之	3	2	0	0	法学部
他学部履修科目	国際政治史１	前期	月	5	B1W01	宮城　大蔵	3	2	0	0	法学部
他学部履修科目	国際政治史２	後期	月	5	B1W01	宮城　大蔵	3	2	0	0	法学部
他学部履修科目	国際投資論	前期	金	3	7102	吉田　健一郎	3	2	0	0	経済学部
他学部履修科目	国際法	通年	金	2	7205	高崎　理子	3	4	0	0	経済学部
他学部履修科目	国際法総論１	前期	火	3	B1W02	小島　千枝	3	2	0	0	法学部
他学部履修科目	国際法総論１	前期	木	3	3C13	西海　真樹	3	2	0	0	法学部
他学部履修科目	国際法総論２	後期	火	3	B1W02	宮野　洋一	3	2	0	0	法学部
他学部履修科目	国際法総論２	後期	木	3	3C13	西海　真樹	3	2	0	0	法学部
他学部履修科目	債権各論	後期	火	3	5C02	デルナウア、マーク	3	4	0	0	法学部
他学部履修科目	債権各論	後期	木	6	5C02	デルナウア、マーク	3	4	0	0	法学部
他学部履修科目	債権総論	前期	月	2	2E02	デルナウア、マーク	3	4	0	0	法学部
他学部履修科目	債権総論	前期	水	5	2E02	デルナウア、マーク	3	4	0	0	法学部
他学部履修科目	最適化	後期	月	3	5133	髙松　瑞代	3	2	0	0	理工学部
他学部履修科目	最適化手法	後期	金	2	6418	後藤　順哉	3	2	0	0	理工学部
他学部履修科目	材料強度学	前期	月	2	6418	米津　明生	3	2	0	0	理工学部
他学部履修科目	材料力学概論	前期	火	1	6310	諸麥　俊司	3	2	0	0	理工学部
他学部履修科目	財政学	前期	火	4	8103	小原　拓也	3	4	0	0	商学部
他学部履修科目	財政学	前期	金	2	8103	小原　拓也	3	4	0	0	商学部
他学部履修科目	財政学１	前期	木	1	B1C16	國枝　繁樹	3	2	0	0	法学部
他学部履修科目	財政学２	後期	木	1	B1C16	國枝　繁樹	3	2	0	0	法学部
他学部履修科目	財務会計論	前期	月	2	7102	田村　威文	3	4	0	0	経済学部
他学部履修科目	財務会計論	前期	木	4	7102	田村　威文	3	4	0	0	経済学部
他学部履修科目	財務管理論	前期	火	2	8103	市村　誠	3	4	0	0	商学部
他学部履修科目	財務管理論	前期	金	4	8103	市村　誠	3	4	0	0	商学部
他学部履修科目	産業科学技術演習Ａ	夏季集中	NULL	0	0000	加藤　俊一	3	1	0	0	理工学部
他学部履修科目	産業科学技術演習Ｂ	夏季集中	NULL	0	0000	加藤　俊一	3	1	0	0	理工学部
他学部履修科目	産業科学技術論Ａ	夏季集中	NULL	0	0000	加藤　俊一	3	2	0	0	理工学部
他学部履修科目	産業科学技術論Ｂ	夏季集中	NULL	0	0000	加藤　俊一	3	2	0	0	理工学部
他学部履修科目	産業科学技術論Ｃ	夏季集中	NULL	0	0000	加藤　俊一	3	2	0	0	理工学部
他学部履修科目	産業社会学	後期	木	4	8301	田島　博実	3	2	0	0	経済学部
他学部履修科目	産業心理学	後期	火	4	5336	髙橋　南海子	3	2	0	0	理工学部
他学部履修科目	産業組織論	後期	木	3	7102	橘髙　勇太	3	4	0	0	経済学部
他学部履修科目	産業組織論	後期	木	4	7102	橘髙　勇太	3	4	0	0	経済学部
他学部履修科目	資源・エネルギー論	後期	火	4	2E04	高橋　智子	3	2	0	0	法学部
他学部履修科目	自然環境論	前期	水	3	5135	西原　昇吾	3	2	0	0	理工学部
他学部履修科目	実解析学１	前期	火	4	6317	松山　登喜夫	3	2	0	0	理工学部
他学部履修科目	実解析学２	後期	火	2	5136	松山　登喜夫	3	4	0	0	理工学部
他学部履修科目	実解析学２	後期	金	4	5136	松山　登喜夫	3	4	0	0	理工学部
他学部履修科目	社会と環境	後期	月	2	8306	和田　尚久	3	2	0	0	経済学部
他学部履修科目	社会思想史	後期	月	5	8305	鳴子　博子	3	4	0	0	商学部
他学部履修科目	社会思想史	後期	月	6	8305	鳴子　博子	3	4	0	0	商学部
他学部履修科目	社会情報学２	前期	火	2	5138	白髪　丈晴	3	2	0	0	理工学部
他学部履修科目	社会調査論・社会調査論２	後期	水	2	3W01	大谷　晃	3	2	0	0	法学部
他学部履修科目	社会福祉論	後期	月	1	7103	宮本　悟	3	4	0	0	経済学部
他学部履修科目	社会福祉論	後期	木	3	7103	宮本　悟	3	4	0	0	経済学部
他学部履修科目	商法Ⅰ	後期	火	4	6102	松田　和久	3	4	0	0	経済学部
他学部履修科目	商法Ⅰ	後期	火	5	6102	松田　和久	3	4	0	0	経済学部
他学部履修科目	証券市場論	後期	木	4	8306	深見　泰孝	3	4	0	0	経済学部
他学部履修科目	証券市場論	後期	木	5	8306	深見　泰孝	3	4	0	0	経済学部
他学部履修科目	情報・通信理論	前期	月	3	5234	八木　秀樹	3	2	0	0	理工学部
他学部履修科目	情報システムの構造と理論	前期	水	1	5137	中村　晃	3	2	0	0	理工学部
他学部履修科目	情報セキュリティ基礎	前期	金	5	5134	松崎　雄一郎	3	2	0	0	理工学部
他学部履修科目	情報幾何学	後期	水	4	6301	藤田　岳彦	3	2	0	0	理工学部
他学部履修科目	情報機器	後期	木	3	5234	木村　勝彦	3	2	0	0	理工学部
他学部履修科目	情報工学演習	前期	火	4	ITC	戸井　武司	3	2	0	0	理工学部
他学部履修科目	情報数学	前期	金	5	6310	藤田　岳彦	3	2	0	0	理工学部
他学部履修科目	情報政治学	前期	木	3	2W01	高橋　徹	3	2	0	0	法学部
他学部履修科目	情報通信ネットワーク	後期	土	1	6326	田代　秀一	3	2	0	0	理工学部
他学部履修科目	情報通信伝送	後期	火	3	5235	久保田　彰	3	2	0	0	理工学部
他学部履修科目	情報通信理論	前期	月	1	5235	山嵜　彰一郎	3	2	0	0	理工学部
他学部履修科目	情報理論	後期	火	2	5235	久保田　彰	3	2	0	0	理工学部
他学部履修科目	信号処理	前期	火	2	5335	久保田　彰	3	2	0	0	理工学部
他学部履修科目	信頼性工学	前期	水	2	ITC	作村　建紀	3	2	0	0	理工学部
他学部履修科目	新エネルギー技術	前期	火	4	6325	松永　真理子	3	2	0	0	理工学部
他学部履修科目	新製品開発論	前期	木	1	6409	生田目　崇	3	2	0	0	理工学部
他学部履修科目	深層学習	後期	木	1	ITC	樋口　知之	3	2	0	0	理工学部
他学部履修科目	進化経済学	後期	水	3	8104	植村　博恭	3	4	0	0	商学部
他学部履修科目	進化経済学	後期	水	4	8104	植村　博恭	3	4	0	0	商学部
他学部履修科目	人口分析	前期	火	1	7204	和田　光平	3	4	0	0	経済学部
他学部履修科目	人口分析	前期	金	3	7204	和田　光平	3	4	0	0	経済学部
他学部履修科目	水環境工学	前期	月	2	5334	山村　寛	3	2	0	0	理工学部
他学部履修科目	水文学	前期	火	1	5334	手計　太一	3	2	0	0	理工学部
他学部履修科目	数値解析	後期	火	2	6410	土屋　卓也	3	2	0	0	理工学部
他学部履修科目	数値計算２	後期	金	3	6418	牧野　光則	3	2	0	0	理工学部
他学部履修科目	数値計算特論	前期	月	5	6317	田口　善弘	3	2	0	0	理工学部
他学部履修科目	数理解析	前期	金	2	6210	米満　賢治	3	2	0	0	理工学部
他学部履修科目	数理計画法	前期	火	3	5235	山村　清隆	3	2	0	0	理工学部
他学部履修科目	数理情報学３	後期	火	2	6418	森口　昌樹	3	2	0	0	理工学部
他学部履修科目	数理統計学	後期	水	3	6302	長塚　豪己	3	2	0	0	理工学部
他学部履修科目	制御工学Ⅱ	前期	水	4	ITC	新妻　実保子	3	2	0	0	理工学部
他学部履修科目	政策学１	前期	火	4	B1W01	秋吉　貴雄	3	2	0	0	法学部
他学部履修科目	政策学１	前期	水	2	2E03	武智　秀之	3	2	0	0	法学部
他学部履修科目	政策学２	後期	火	4	B1W01	秋吉　貴雄	3	2	0	0	法学部
他学部履修科目	政策学２	後期	水	2	2E03	武智　秀之	3	2	0	0	法学部
他学部履修科目	政治社会学２	後期	金	4	3W01	松井　隆志	3	2	0	0	法学部
他学部履修科目	生涯スポーツ科学	前期	水	5	6417	八木　茂典	3	2	0	0	理工学部
他学部履修科目	生涯スポーツ科学	後期	水	5	6417	八木　茂典	3	2	0	0	理工学部
他学部履修科目	生涯スポーツ科学	前期	木	3	6421	八木　茂典	3	2	0	0	理工学部
他学部履修科目	生涯スポーツ科学	後期	木	3	6421	八木　茂典	3	2	0	0	理工学部
他学部履修科目	生活環境論	後期	木	2	5138	谷下　雅義	3	2	0	0	理工学部
他学部履修科目	生活環境論	後期	木	3	5138	谷下　雅義	3	2	0	0	理工学部
他学部履修科目	生産システム・デザイン	前期	金	1	5138	長塚　豪己	3	2	0	0	理工学部
他学部履修科目	生産システム工学	後期	火	5	6301	谷水　義隆	3	2	0	0	理工学部
他学部履修科目	生産管理論	前期	水	1	8305	大久保　寛基	3	4	0	0	商学部
他学部履修科目	生産管理論	前期	水	2	8305	大久保　寛基	3	4	0	0	商学部
他学部履修科目	生体情報工学	後期	月	2	6326	諸麥　俊司	3	2	0	0	理工学部
他学部履修科目	生物学１	前期	火	4	5533	西田　治文	3	2	0	0	理工学部
他学部履修科目	生物学１	前期	火	5	5334	西田　治文	3	2	0	0	理工学部
他学部履修科目	生物学２	後期	火	4	5335	西田　治文	3	2	0	0	理工学部
他学部履修科目	生物学２	後期	火	5	5335	西田　治文	3	2	0	0	理工学部
他学部履修科目	生物物理学	前期	金	1	6413	宗行　英朗	3	2	0	0	理工学部
他学部履修科目	生物無機化学	後期	水	2	6325	小松　晃之	3	2	0	0	理工学部
他学部履修科目	生物有機化学	後期	月	2	6325	不破　春彦	3	2	0	0	理工学部
他学部履修科目	生命と多様性Ⅰ	前期	月	4	5533	柴尾　晴信	3	2	0	0	理工学部
他学部履修科目	生命と多様性Ⅱ	後期	月	4	5533	柴尾　晴信	3	2	0	0	理工学部
他学部履修科目	精密機械材料Ⅱ	前期	火	2	6210	米津　明生	3	2	0	0	理工学部
他学部履修科目	製品開発論	後期	火	4	8105	李　炅泰	3	4	0	0	商学部
他学部履修科目	製品開発論	後期	金	2	8105	李　炅泰	3	4	0	0	商学部
他学部履修科目	税法	後期	火	2	8305	阿部　雪子	3	4	0	0	商学部
他学部履修科目	税法	後期	金	4	8305	阿部　雪子	3	4	0	0	商学部
他学部履修科目	税務会計論	前期	火	2	8102	山上　淳一	3	4	0	0	商学部
他学部履修科目	税務会計論	前期	金	4	8102	山上　淳一	3	4	0	0	商学部
他学部履修科目	設計システム工学	後期	火	1	6309	平岡　弘之	3	2	0	0	理工学部
他学部履修科目	専門総合講座Ａ１日本外交の法と政治１（外交の現場から)	前期	土	2	2C03	尾﨑　久仁子	3	2	0	0	法学部
他学部履修科目	専門総合講座Ａ１日本外交の法と政治２（外交の現場から)	後期	土	2	2C03	尾﨑　久仁子	3	2	0	0	法学部
他学部履修科目	専門総合講座Ａ１犯罪と刑罰１	前期	月	5	B1C16	柳川　重規	3	2	0	0	法学部
他学部履修科目	専門総合講座Ｂ１欧米独占禁止行政と企業実務（ＥＵ）	後期	土	2	3C03	佐藤　文彦	3	2	0	0	法学部
他学部履修科目	専門総合講座Ｂ１欧米独占禁止行政と企業実務（米国）	前期	土	2	3C03	佐藤　文彦	3	2	0	0	法学部
他学部履修科目	戦略管理会計論	前期	火	3	8304	福島　一矩	3	2	0	0	商学部
他学部履修科目	線形代数	後期	水	3	8103	立井　博子	3	4	0	0	商学部
他学部履修科目	線形代数	後期	水	4	8103	立井　博子	3	4	0	0	商学部
他学部履修科目	租税法１	前期	木	5	2E08	澁谷　雅弘	3	2	0	0	法学部
他学部履修科目	租税法２	後期	木	5	2E08	澁谷　雅弘	3	2	0	0	法学部
他学部履修科目	租税論	後期	土	1	7101	野村　容康	3	4	0	0	経済学部
他学部履修科目	租税論	後期	土	2	7101	野村　容康	3	4	0	0	経済学部
他学部履修科目	相関電子系物理学	前期	火	4	6210	米満　賢治	3	2	0	0	理工学部
他学部履修科目	相対性理論	前期	月	3	6425	中村　真	3	2	0	0	理工学部
他学部履修科目	総合講座（スポーツ・ビジネス―競馬の世界）JRA協力講座	前期	水	4	8305	石村　直之	3	2	0	0	商学部
他学部履修科目	総合講座（営業学入門）プルデンシャル生命保険株式会社寄付講座	前期	火	2	8304	渡辺　岳夫	3	2	0	0	商学部
他学部履修科目	総合講座（会計プロフェッション探究講座）公認会計士白門会協力講座	後期	水	4	8305	櫻井　康弘	3	2	0	0	商学部
他学部履修科目	総合講座（金融リテラシーを学ぶ)金融広報中央委員会（事務局：日本銀行情報サービス局内）協力講座	後期	火	2	8103	高見澤　秀幸	3	2	0	0	商学部
他学部履修科目	総合講座１ 中央大学と近現代の日本１	前期	水	4	2E04	山口　亮介	3	2	0	0	法学部
他学部履修科目	総合講座１ 中央大学と近現代の日本２	後期	水	4	2E04	岡田　大士	3	2	0	0	法学部
他学部履修科目	総合講座Ⅰ	後期	火	4	7205	福住　多一	3	4	0	0	経済学部
他学部履修科目	総合講座Ⅰ	後期	火	5	7205	福住　多一	3	4	0	0	経済学部
他学部履修科目	総合講座Ⅲ	前期	月	3	7101	飯島　大邦	3	2	0	0	経済学部
他学部履修科目	総合講座Ⅲ	前期	木	1	7204	中村　英仁	3	2	0	0	経済学部
他学部履修科目	総合講座Ⅲ	前期	木	3	7203	村上　弘毅	3	2	0	0	経済学部
他学部履修科目	総合講座Ⅲ	前期	木	4	7401	細矢　祐誉	3	2	0	0	経済学部
他学部履修科目	総合講座Ⅲ	後期	木	4	7103	古川　雄一	3	2	0	0	経済学部
他学部履修科目	総合講座Ⅲ	前期	木	5	7402	田村　威文	3	2	0	0	経済学部
他学部履修科目	総合講座Ⅳ	後期	月	5	7104	岡田　知之	3	2	0	0	経済学部
他学部履修科目	総合講座Ⅳ	後期	木	1	7204	中村　英仁	3	2	0	0	経済学部
他学部履修科目	総合講座Ⅳ	後期	金	3	7102	田中　光	3	2	0	0	経済学部
他学部履修科目	送配電工学	後期	金	1	6418	亀田　秀之	3	2	0	0	理工学部
他学部履修科目	多国籍企業論	後期	火	4	8103	咲川　孝	3	4	0	0	商学部
他学部履修科目	多国籍企業論	前期	金	2	8303	小森谷　徳純	3	2	0	0	経済学部
他学部履修科目	多国籍企業論	後期	金	2	8103	咲川　孝	3	4	0	0	商学部
他学部履修科目	代数学２	前期	月	4	5137	渡邉　究	3	4	0	0	理工学部
他学部履修科目	代数学２	前期	木	2	5137	渡邉　究	3	4	0	0	理工学部
他学部履修科目	代数学３	後期	月	2	5135	渡邉　究	3	4	0	0	理工学部
他学部履修科目	代数学３	後期	木	2	5135	渡邉　究	3	4	0	0	理工学部
他学部履修科目	代数学４	後期	木	2	6425	佐藤　周友	3	2	0	0	理工学部
他学部履修科目	代数学５	前期	金	4	6425	山崎　隆雄	3	2	0	0	理工学部
他学部履修科目	大規模・高速計算	前期	月	2	6302	久保田　光一	3	2	0	0	理工学部
他学部履修科目	知的財産法１	後期	土	1	2E04	小島　喜一郎	3	4	0	0	法学部
他学部履修科目	知的財産法１	後期	土	2	2E04	小島　喜一郎	3	4	0	0	法学部
他学部履修科目	知能システム工学	後期	火	3	5334	難波　英嗣	3	2	0	0	理工学部
他学部履修科目	地域ガバナンス論	前期	水	3	7102	坂本　純一	3	2	0	0	経済学部
他学部履修科目	地域経済統合論	前期	火	2	7203	大木　博巳	3	2	0	0	経済学部
他学部履修科目	地学１	前期	木	3	5533	金田　平太郎	3	2	0	0	理工学部
他学部履修科目	地学２	後期	木	3	5533	金田　平太郎	3	2	0	0	理工学部
他学部履修科目	地球科学	前期	木	5	5234	長谷川　宏一	3	2	0	0	理工学部
他学部履修科目	地誌学概論	後期	金	5	5202	山本　匡毅	3	2	0	0	商学部
他学部履修科目	地誌学概論	後期	金	6	5202	山本　匡毅	3	2	0	0	商学部
他学部履修科目	地方財政論	後期	月	3	7102	篠原　正博	3	4	0	0	経済学部
他学部履修科目	地方財政論	後期	木	1	7102	篠原　正博	3	4	0	0	経済学部
他学部履修科目	地方自治法	後期	水	5	B1W01	富井　幸雄	3	2	0	0	法学部
他学部履修科目	地方自治論	前期	金	1	7102	武藤　桂一	3	2	0	0	経済学部
他学部履修科目	地理空間情報学	後期	水	5	6402	池田　晃三	3	2	0	0	理工学部
他学部履修科目	中級簿記論	後期	月	2	5203	浅倉　和俊	3	2	0	0	商学部
他学部履修科目	中級簿記論	前期	水	1	8304	吉田　直美	3	2	0	0	商学部
他学部履修科目	中級簿記論	前期	水	2	8304	吉田　直美	3	2	0	0	商学部
他学部履修科目	中級簿記論	後期	金	1	8102	吉田　智也	3	2	0	0	商学部
他学部履修科目	中国経済論	前期	金	5	8103	范　立君	3	4	0	0	商学部
他学部履修科目	中国経済論	前期	土	1	7202	湯　進	3	2	0	0	経済学部
他学部履修科目	中国経済論	前期	金	6	8103	范　立君	3	4	0	0	商学部
他学部履修科目	中国政治論１	前期	火	2	3E06	李　廷江	3	2	0	0	法学部
他学部履修科目	中国政治論２	後期	火	2	3E06	李　廷江	3	2	0	0	法学部
他学部履修科目	中小企業論	後期	月	4	7101	八幡　一秀	3	4	0	0	経済学部
他学部履修科目	中小企業論	後期	木	2	7101	八幡　一秀	3	4	0	0	経済学部
他学部履修科目	通信機器	後期	金	3	6317	久保田　彰	3	2	0	0	理工学部
他学部履修科目	通信法規	後期	金	4	6409	吉川　忠久	3	2	0	0	理工学部
他学部履修科目	電気化学と電池	前期	金	4	6325	松永　真理子	3	2	0	0	理工学部
他学部履修科目	電気回路	後期	金	3	5235	村上　慎吾	3	2	0	0	理工学部
他学部履修科目	電気機器応用	前期	水	1	6309	小林　宏泰	3	2	0	0	理工学部
他学部履修科目	電気機器設計	後期	月	3	6325	新　政憲	3	2	0	0	理工学部
他学部履修科目	電気法規及施設管理	前期	木	1	6421	大野　高宏	3	2	0	0	理工学部
他学部履修科目	電子デバイス	前期	火	4	5333	河野　行雄	3	2	0	0	理工学部
他学部履修科目	電子回路２	前期	金	2	5234	吉田　昭太郎	3	2	0	0	理工学部
他学部履修科目	電子回路設計	後期	金	5	5136	崔　通	3	2	0	0	理工学部
他学部履修科目	電子計測	後期	水	2	6301	村上　慎吾	3	2	0	0	理工学部
他学部履修科目	電子物性	前期	火	2	5333	河野　行雄	3	2	0	0	理工学部
他学部履修科目	電磁界理論	前期	金	3	5233	小林　一哉	3	2	0	0	理工学部
他学部履修科目	電磁気計測	後期	木	1	5235	河野　行雄	3	2	0	0	理工学部
他学部履修科目	電磁波工学	後期	金	3	5333	小林　一哉	3	2	0	0	理工学部
他学部履修科目	電力応用	前期	火	2	6425	入倉　隆	3	2	0	0	理工学部
他学部履修科目	都市・地域計画	後期	月	4	5334	谷下　雅義	3	2	0	0	理工学部
他学部履修科目	都市空間解析	後期	木	2	6326	櫻井　雄大	3	2	0	0	理工学部
他学部履修科目	都市水循環	前期	火	2	5334	手計　太一	3	2	0	0	理工学部
他学部履修科目	都市政策論	前期	金	3	B1W01	斉田　英子	3	2	0	0	法学部
他学部履修科目	東洋法制史	後期	金	1	2E03	赤城　美恵子	3	4	0	0	法学部
他学部履修科目	東洋法制史	後期	金	2	2E03	赤城　美恵子	3	4	0	0	法学部
他学部履修科目	統計数学３	前期	火	2	5135	前園　宜彦	3	4	0	0	理工学部
他学部履修科目	統計数学３	前期	月	2	5135	前園　宜彦	3	4	0	0	理工学部
他学部履修科目	統計数学４	後期	火	3	5135	酒折　文武	3	4	0	0	理工学部
他学部履修科目	統計数学４	後期	水	2	5135	酒折　文武	3	4	0	0	理工学部
他学部履修科目	統計物理学	前期	火	5	5135	香取　眞理	3	2	0	0	理工学部
他学部履修科目	道路工学	後期	火	2	6301	姫野　賢治	3	2	0	0	理工学部
他学部履修科目	特殊講義（情報サービス産業研究－変わりゆくIT開発現場－）神奈川県情報サービス産業協会協力講座	前期	木	4	5306	斎藤　正武	3	2	0	0	商学部
他学部履修科目	特別講義Ⅰ(GLP参加生のみ履修可)	前期	木	2	7502	赤羽　淳	3	2	0	0	経済学部
他学部履修科目	特別講義Ⅱ	後期	火	2	7203	中川　康弘	3	2	0	0	経済学部
他学部履修科目	特別講義Ⅲ	前期	木	2	7210	章　沙娟	3	2	0	0	経済学部
他学部履修科目	特別講義Ⅳ	後期	水	3	7305	佐藤　佑一	3	2	0	0	経済学部
他学部履修科目	特別講義Ⅳ	前期	水	4	7305	多田　由彦	3	2	0	0	経済学部
他学部履修科目	日本経済論	後期	金	2	6102	齋藤　長行	3	4	0	0	経済学部
他学部履修科目	日本経済論	後期	金	3	6102	齋藤　長行	3	4	0	0	経済学部
他学部履修科目	日本史概説	前期	木	4	8208	大貫　茂紀	3	2	0	0	商学部
他学部履修科目	日本史概説	後期	木	4	8208	大貫　茂紀	3	2	0	0	商学部
他学部履修科目	日本法制史	後期	NULL	0	0000	山口　亮介	3	4	0	0	法学部
他学部履修科目	日本法制史	後期	NULL	0	0000	山口　亮介	3	4	0	0	法学部
他学部履修科目	発変電工学	前期	金	1	5134	亀田　秀之	3	2	0	0	理工学部
他学部履修科目	半導体工学基礎	後期	月	4	5136	庄司　一郎	3	2	0	0	理工学部
他学部履修科目	半導体物理学	前期	月	2	3308	橘高　俊一郎	3	2	0	0	理工学部
他学部履修科目	犯罪学	前期	金	3	B1C16	宮園　久栄	3	4	0	0	法学部
他学部履修科目	犯罪学	前期	水	2	3C13	四方　光	3	4	0	0	法学部
他学部履修科目	犯罪学	前期	金	4	B1C16	宮園　久栄	3	4	0	0	法学部
他学部履修科目	犯罪学	前期	NULL	0	3C13	四方　光	3	4	0	0	法学部
他学部履修科目	費用便益分析	後期	水	3	7102	坂本　純一	3	2	0	0	経済学部
他学部履修科目	非営利組織論	前期	木	3	7101	田中　敬文	3	2	0	0	経済学部
他学部履修科目	微粒子工学	前期	火	3	5138	村瀬　和典	3	2	0	0	理工学部
他学部履修科目	品質環境マネジメント	前期	月	2	5233	中條　武志	3	2	0	0	理工学部
他学部履修科目	品質工学＼品質管理	後期	火	2	5335	中條　武志	3	2	0	0	理工学部
他学部履修科目	舞台芸術１	前期	NULL	0	0000	田草川　みずき	3	2	0	0	法学部
他学部履修科目	複雑系物理学	前期	火	1	6409	脇田　順一	3	2	0	0	理工学部
他学部履修科目	複素解析学１	前期	水	4	5137	澤野　嘉宏	3	4	0	0	理工学部
他学部履修科目	複素解析学１	前期	金	3	5137	澤野　嘉宏	3	4	0	0	理工学部
他学部履修科目	複素解析学２	後期	火	4	5137	澤野　嘉宏	3	2	0	0	理工学部
他学部履修科目	物質の構造と性質	前期	月	5	8305	小林　純	3	4	0	0	商学部
他学部履修科目	物質の構造と性質	前期	月	6	8305	小林　純	3	4	0	0	商学部
他学部履修科目	物性物理学	前期	水	2	6417	佐藤　博彦	3	2	0	0	理工学部
他学部履修科目	物的流通論	後期	月	5	8304	洪　京和	3	4	0	0	商学部
他学部履修科目	物的流通論	後期	月	6	8304	洪　京和	3	4	0	0	商学部
他学部履修科目	物理応用	後期	木	3	6309	井出　裕介	3	2	0	0	理工学部
他学部履修科目	物理化学	後期	金	1	6317	築山　光一	3	2	0	0	理工学部
他学部履修科目	物理情報計測	前期	金	2	5138	重川　秀実	3	2	0	0	理工学部
他学部履修科目	文化人類学２	後期	木	5	B1C16	岡野　宣勝	3	2	0	0	法学部
他学部履修科目	平和学	後期	木	2	B1C16	都留　康子	3	2	0	0	法学部
他学部履修科目	平和学	前期	金	4	B1W01	黒田　俊郎	3	2	0	0	法学部
他学部履修科目	米国経済論	前期	水	4	7102	塙　武郎	3	4	0	0	経済学部
他学部履修科目	米国経済論	前期	水	5	7102	塙　武郎	3	4	0	0	経済学部
他学部履修科目	保険数理	後期	金	5	6310	藤田　岳彦	3	2	0	0	理工学部
他学部履修科目	保険法	後期	NULL	0	0000	平泉　貴士	3	2	0	0	法学部
他学部履修科目	法学特講１　金融商品取引法	後期	火	1	0000	小宮　靖毅	3	2	0	0	法学部
他学部履修科目	法学特講１・領域の国際法・国際政治特講１・領域の国際法・国際法特講１・領域の国際法	前期	土	3	2E05	竹内　明里	3	2	0	0	法学部
他学部履修科目	法学特講１・領域の国際法・国際政治特講１・領域の国際法・国際法特講１・領域の国際法	前期	土	4	2E05	竹内　明里	3	2	0	0	法学部
他学部履修科目	法学特講１国際環境法・国際政治特講１	前期	金	3	5N01	兼頭　ゆみ子	3	2	0	0	法学部
他学部履修科目	法学特講１法医学１	後期	金	1	B1C16	古田　裕清	3	2	0	0	法学部
他学部履修科目	貿易・国際金融クラスター特殊講義	後期	金	2	7402	章　沙娟	3	2	0	0	経済学部
他学部履修科目	防災工学	前期	月	4	6402	目黒　公郎	3	2	0	0	理工学部
他学部履修科目	民事裁判法入門	前期	火	2	1W01	秦　公正	3	2	0	0	法学部
他学部履修科目	民事訴訟法	前期	月	2	3W01	秦　公正	3	4	0	0	法学部
他学部履修科目	民事訴訟法	前期	水	5	3W01	秦　公正	3	4	0	0	法学部
他学部履修科目	離散数学１	前期	火	5	5335	酒折　文武	3	2	0	0	理工学部
他学部履修科目	離散数学２	後期	火	5	5235	酒折　文武	3	2	0	0	理工学部
他学部履修科目	離散選択モデル	前期	水	4	3300	原田　昇	3	2	0	0	理工学部
他学部履修科目	流通システム	後期	水	4	7203	坂本　秀夫	3	4	0	0	経済学部
他学部履修科目	流通システム	後期	水	5	7203	坂本　秀夫	3	4	0	0	経済学部
他学部履修科目	量子化学	後期	火	4	6310	藪下　聡	3	2	0	0	理工学部
他学部履修科目	量子情報通信	前期	火	2	6410	東條　賢	3	2	0	0	理工学部
他学部履修科目	量子情報物理学	前期	水	1	6310	福井　浩介	3	2	0	0	理工学部
他学部履修科目	量子論	前期	月	3	6325	庄司　一郎	3	2	0	0	理工学部
他学部履修科目	連結会計論	後期	金	1	8104	山口　朋泰	3	2	0	0	商学部
他学部履修科目	連結会計論	後期	金	2	8104	山口　朋泰	3	2	0	0	商学部
他学部履修科目	労使関係論	前期	火	3	7104	鬼丸　朋子	3	4	0	0	経済学部
他学部履修科目	労使関係論	前期	金	1	7104	鬼丸　朋子	3	4	0	0	経済学部
他学部履修科目	労働経済学	前期	月	2	7103	阿部　正浩	3	4	0	0	経済学部
他学部履修科目	労働経済学	前期	木	4	7103	阿部　正浩	3	4	0	0	経済学部